season,DEWP,HUMI,PRES,TEMP,Iws,precipitation,cbwd_NE,cbwd_NW,cbwd_SE,PM_HIGH
4,3.0,57.77,1030.1,11.0,66.0,0.0,1,0,0,0.0
4,-2.0,49.22,1032.9,8.0,194.0,0.0,1,0,0,0.0
4,-1.0,49.51,1029.1,9.0,2.0,0.0,1,0,0,0.0
4,-4.0,42.4,1029.1,8.0,7.0,0.0,1,0,0,0.0
4,-4.0,45.4,1028.1,7.0,2.0,0.0,0,1,0,0.0
4,-3.0,52.41,1028.1,6.0,30.0,0.0,0,1,0,1.0
4,-15.0,25.19,1033.9,3.0,177.0,0.0,0,1,0,0.0
4,-6.0,41.79,1031.2,6.0,43.0,0.0,1,0,0,0.0
4,0.0,56.99,1034.9,8.0,38.0,0.0,1,0,0,0.0
4,2.0,70.47,1031.2,7.0,119.0,0.2,1,0,0,0.0
4,0.0,56.99,1030.1,8.0,195.0,0.0,1,0,0,0.0
4,1.0,57.25,1029.1,9.0,3.0,0.0,0,1,0,0.0
4,0.0,56.99,1033.9,8.0,55.0,0.0,1,0,0,1.0
4,-5.0,42.1,1029.1,7.0,2.0,0.0,0,0,1,0.0
4,0.0,56.99,1026.1,8.0,22.0,0.0,1,0,0,1.0
4,4.0,86.99,1023.0,6.0,96.0,0.3,1,0,0,0.0
4,4.0,86.99,1020.0,6.0,197.0,0.6,1,0,0,0.0
4,2.0,65.82,1018.0,8.0,295.0,0.0,1,0,0,0.0
4,0.0,49.8,1021.0,10.0,3.0,0.0,0,0,1,0.0
4,5.0,81.34,1019.0,8.0,70.0,0.2,1,0,0,0.0
4,3.0,66.05,1021.0,9.0,182.0,0.0,1,0,0,1.0
4,0.0,56.99,1023.0,8.0,6.0,0.0,0,1,0,1.0
4,3.0,81.06,1023.0,6.0,41.0,0.0,1,0,0,0.0
4,-2.0,80.34,1030.1,1.0,7.0,0.0,1,0,0,0.0
4,-7.0,51.27,1030.1,2.0,8.0,0.0,1,0,0,0.0
4,-10.0,37.77,1027.1,3.0,6.0,0.0,1,0,0,0.0
4,-10.0,35.19,1029.1,4.0,96.0,0.0,0,1,0,1.0
4,-8.0,35.82,1027.1,6.0,16.0,0.0,0,0,1,0.0
4,3.0,70.67,1022.0,8.0,4.0,0.0,1,0,0,0.0
4,5.0,87.09,1023.0,7.0,94.0,0.7,1,0,0,0.0
4,4.0,66.27,1026.1,10.0,208.0,0.0,1,0,0,0.0
4,-2.0,49.22,1029.1,8.0,340.0,0.0,1,0,0,0.0
4,-1.0,46.29,1025.1,10.0,11.0,0.0,0,0,0,0.0
4,3.0,75.67,1027.1,7.0,18.0,0.0,1,0,0,0.0
4,-4.0,64.42,1034.9,2.0,23.0,0.0,1,0,0,0.0
4,-6.0,48.04,1030.1,4.0,2.0,0.0,0,0,0,0.0
4,-3.0,42.71,1025.1,9.0,4.0,0.0,0,0,1,0.0
4,6.0,87.19,1021.0,8.0,10.0,0.0,0,1,0,0.0
4,8.0,93.45,1011.9,9.0,3.0,2.4,0,1,0,0.0
4,-4.0,69.21,1028.1,1.0,47.0,0.0,0,1,0,0.0
4,-9.0,47.14,1031.2,1.0,49.0,0.0,0,1,0,0.0
4,-12.0,27.97,1028.1,5.0,9.0,0.0,0,0,1,0.0
4,0.0,93.02,1028.1,1.0,21.0,0.7,1,0,0,0.0
4,1.0,70.27,1030.1,6.0,6.0,0.0,1,0,0,0.0
4,2.0,70.47,1025.1,7.0,15.0,0.0,0,0,1,0.0
4,4.0,81.2,1023.0,7.0,38.0,0.0,0,1,0,0.0
4,6.0,93.35,1021.0,7.0,4.0,0.0,1,0,0,0.0
4,2.0,70.47,1023.0,7.0,22.0,0.0,1,0,0,0.0
4,0.0,65.36,1027.1,6.0,24.0,0.0,1,0,0,0.0
4,-8.0,33.43,1030.1,7.0,38.0,0.0,1,0,0,0.0
4,-5.0,51.84,1032.9,4.0,38.0,0.0,1,0,0,0.0
4,-16.0,17.54,1031.2,7.0,1.0,0.0,0,0,0,0.0
4,0.0,53.26,1024.0,9.0,36.0,0.0,0,0,1,0.0
4,9.0,93.5,1018.0,10.0,1.0,0.0,0,0,0,0.0
4,10.0,87.57,1010.8,12.0,2.0,0.0,1,0,0,0.0
4,5.0,81.34,1016.9,8.0,56.0,0.0,1,0,0,0.0
4,3.0,81.06,1018.0,6.0,3.0,0.0,0,1,0,0.0
4,0.0,80.63,1024.0,3.0,25.0,0.0,1,0,0,0.0
4,-5.0,48.34,1026.1,5.0,7.0,0.0,1,0,0,0.0
4,-5.0,48.34,1027.1,5.0,41.0,0.0,1,0,0,0.0
4,2.0,86.79,1021.0,4.0,132.0,0.0,1,0,0,0.0
4,5.0,76.01,1020.0,9.0,2.0,0.0,0,0,0,0.0
1,8.0,93.45,1018.0,9.0,15.0,0.0,0,1,0,1.0
1,5.0,93.29,1020.0,6.0,17.0,0.0,1,0,0,0.0
1,6.0,93.35,1022.0,7.0,93.0,0.0,1,0,0,0.0
1,7.0,93.4,1016.9,8.0,6.0,0.1,0,1,0,0.0
1,5.0,93.29,1011.9,6.0,4.0,0.1,0,1,0,0.0
1,1.0,53.53,1018.0,10.0,4.0,0.0,1,0,0,1.0
1,2.0,75.49,1020.0,6.0,41.0,0.1,1,0,0,0.0
1,1.0,61.26,1021.0,8.0,151.0,0.0,1,0,0,0.0
1,-5.0,39.32,1024.0,8.0,314.0,0.0,1,0,0,0.0
1,-5.0,39.32,1025.1,8.0,3.0,0.0,0,1,0,0.0
1,1.0,61.26,1029.1,8.0,22.0,0.0,1,0,0,1.0
1,-8.0,33.43,1031.2,7.0,4.0,0.0,0,0,0,0.0
1,-1.0,40.54,1027.1,12.0,3.0,0.0,0,0,0,0.0
1,1.0,38.56,1024.0,15.0,14.0,0.0,0,0,1,0.0
1,7.0,71.47,1023.0,12.0,34.0,0.1,1,0,0,0.0
1,15.0,93.8,1011.9,16.0,9.0,0.0,0,1,0,0.0
1,11.0,82.14,1013.9,14.0,1.0,0.0,0,0,1,1.0
1,10.0,87.57,1020.0,12.0,37.0,0.0,1,0,0,1.0
1,5.0,76.01,1021.0,9.0,167.0,0.0,1,0,0,0.0
1,2.0,65.82,1023.0,8.0,273.0,0.0,1,0,0,0.0
1,1.0,43.9,1023.0,13.0,18.0,0.0,0,0,1,0.0
1,10.0,55.93,1012.9,19.0,6.0,0.0,0,0,1,0.0
1,5.0,87.09,1019.0,7.0,143.0,0.4,0,1,0,0.0
1,-10.0,16.8,1022.0,15.0,288.0,0.0,0,1,0,0.0
1,1.0,31.87,1023.0,18.0,3.0,0.0,0,1,0,0.0
1,5.0,42.32,1025.1,18.0,13.0,0.0,0,0,1,0.0
1,5.0,31.1,1023.0,23.0,25.0,0.0,0,0,0,0.0
1,6.0,29.57,1023.0,25.0,4.0,0.0,1,0,0,0.0
1,12.0,56.44,1020.0,21.0,34.0,0.0,0,0,0,0.0
1,14.0,87.93,1013.9,16.0,9.0,1.5,1,0,0,0.0
1,2.0,36.47,1023.0,17.0,7.0,0.0,0,1,0,0.0
1,0.0,26.17,1021.0,20.0,44.0,0.0,0,0,1,0.0
1,12.0,49.97,1010.8,23.0,13.0,0.0,0,0,0,0.0
1,0.0,38.26,1024.0,14.0,136.0,0.0,0,1,0,0.0
1,2.0,32.17,1016.9,19.0,6.0,0.0,0,0,1,0.0
1,8.0,40.63,1014.9,22.0,14.0,0.0,0,1,0,0.0
1,-2.0,22.61,1020.0,20.0,21.0,0.0,0,0,1,0.0
1,8.0,43.19,1022.0,21.0,17.0,0.0,0,0,1,0.0
1,12.0,56.44,1019.0,21.0,12.0,0.0,0,0,0,0.0
1,12.0,67.99,1020.0,18.0,32.0,0.1,0,0,1,0.0
1,17.0,61.21,1010.8,25.0,18.0,0.0,0,0,0,0.0
1,15.0,72.96,1012.9,20.0,22.0,0.0,1,0,0,1.0
1,8.0,48.87,1011.9,19.0,5.0,0.0,0,0,1,0.0
1,12.0,87.75,1012.9,14.0,28.0,0.0,1,0,0,0.0
1,10.0,55.93,1014.9,19.0,3.0,0.0,0,0,1,0.0
1,10.0,52.56,1011.9,20.0,5.0,0.0,0,0,0,0.0
1,10.0,43.76,1013.9,23.0,12.0,0.0,1,0,0,0.0
1,14.0,87.93,1006.1,16.0,45.0,0.0,0,1,0,0.0
1,13.0,50.24,1010.8,24.0,21.0,0.0,0,0,0,0.0
1,15.0,50.78,1009.1,26.0,90.0,0.0,0,0,1,0.0
1,19.0,83.13,1004.1,22.0,233.0,2.7,0,0,1,0.0
1,15.0,82.65,1005.1,18.0,55.0,0.0,0,1,0,0.0
1,7.0,35.71,1013.9,23.0,2.0,0.0,1,0,0,0.0
1,12.0,44.33,1010.2,25.0,5.0,0.0,0,0,1,0.0
1,17.0,54.39,1010.2,27.0,106.0,0.0,0,0,1,0.0
1,20.0,78.39,1005.1,24.0,1.0,0.0,1,0,0,0.0
1,16.0,82.77,1007.1,19.0,62.0,0.0,1,0,0,0.0
1,17.0,93.89,1005.1,18.0,8.0,0.0,0,1,0,0.0
1,16.0,68.81,1009.1,22.0,6.0,0.0,1,0,0,0.0
1,15.0,50.78,1009.1,26.0,6.0,0.0,1,0,0,0.0
1,19.0,83.13,1003.1,22.0,1.0,0.0,0,0,0,0.0
1,16.0,68.81,1013.9,22.0,4.0,0.0,0,0,1,0.0
1,14.0,47.61,1013.9,26.0,7.0,0.0,1,0,0,0.0
1,15.0,57.2,1011.9,24.0,37.0,0.0,0,0,1,0.0
1,17.0,61.21,1008.1,25.0,97.0,0.0,0,0,1,0.0
1,17.0,77.94,1006.1,21.0,222.0,0.0,0,0,1,0.0
1,19.0,78.24,1007.1,23.0,19.0,0.0,0,1,0,0.0
1,16.0,60.98,1010.2,24.0,15.0,0.0,0,1,0,1.0
1,11.0,30.99,1007.1,30.0,62.0,0.0,0,0,0,0.0
1,7.0,25.06,1009.1,29.0,17.0,0.0,0,1,0,0.0
1,8.0,25.33,1011.9,30.0,45.0,0.0,0,0,1,0.0
1,14.0,77.48,1011.9,18.0,5.0,0.7,1,0,0,0.0
1,14.0,72.78,1013.9,19.0,77.0,0.0,1,0,0,0.0
1,13.0,50.24,1013.9,24.0,167.0,0.0,1,0,0,0.0
1,15.0,60.74,1012.9,23.0,6.0,0.0,1,0,0,0.0
1,17.0,73.32,1011.9,22.0,31.0,0.0,0,0,1,0.0
1,19.0,88.37,1009.1,21.0,30.0,0.2,1,0,0,0.0
1,16.0,68.81,1010.8,22.0,52.0,0.0,1,0,0,0.0
1,16.0,57.44,1011.9,25.0,2.0,0.0,1,0,0,0.0
1,9.0,30.42,1012.9,28.0,2.0,0.0,1,0,0,0.0
1,10.0,32.54,1015.9,28.0,31.0,0.0,0,0,1,0.0
1,14.0,42.34,1014.9,28.0,54.0,0.0,0,0,1,0.0
1,17.0,82.89,1011.9,20.0,38.0,0.0,1,0,0,0.0
1,16.0,60.98,1015.9,24.0,82.0,0.0,1,0,0,0.0
2,16.0,60.98,1013.9,24.0,4.0,0.0,0,0,1,0.0
2,16.0,57.44,1010.2,25.0,10.0,0.0,0,0,1,0.0
2,19.0,69.4,1008.1,25.0,3.0,0.0,0,0,1,0.0
2,20.0,69.6,1007.1,26.0,7.0,0.0,0,0,1,0.0
2,18.0,61.44,1005.1,26.0,87.0,0.0,0,0,1,0.0
2,24.0,74.52,1001.0,29.0,3.0,0.0,0,1,0,0.0
2,23.0,62.57,1002.0,31.0,21.0,0.0,0,1,0,0.0
2,23.0,55.89,1000.0,33.0,4.0,0.0,0,1,0,0.0
2,24.0,62.79,998.0,32.0,0.0,0.0,0,0,0,0.0
2,23.0,78.82,998.0,27.0,25.0,0.0,1,0,0,0.0
2,21.0,65.83,1000.0,28.0,2.0,0.0,0,0,0,0.0
2,20.0,58.42,1004.1,29.0,5.0,0.0,0,0,0,0.0
2,20.0,58.42,1006.1,29.0,124.0,0.0,0,0,1,0.0
2,22.0,74.19,1005.1,27.0,50.0,0.0,1,0,0,0.0
2,19.0,58.17,1008.1,28.0,1.0,0.0,0,0,0,0.0
2,21.0,74.02,1010.2,26.0,31.0,0.0,0,0,1,0.0
2,22.0,94.12,1003.1,23.0,21.0,0.2,1,0,0,0.0
2,21.0,78.53,1001.0,25.0,18.0,0.0,1,0,0,0.0
2,20.0,73.84,1004.1,25.0,3.0,0.0,1,0,0,0.0
2,20.0,61.9,1006.1,28.0,3.0,0.0,1,0,0,0.0
2,21.0,78.53,1008.1,25.0,99.0,0.1,0,0,1,0.0
2,21.0,88.54,1002.0,23.0,41.0,0.0,1,0,0,0.0
2,24.0,53.11,1005.1,35.0,7.0,0.0,0,1,0,0.0
2,23.0,47.33,1003.1,36.0,37.0,0.0,0,0,0,0.0
2,24.0,50.27,1001.0,36.0,6.0,0.0,0,0,0,0.0
2,26.0,56.62,1002.0,36.0,12.0,0.0,0,0,0,0.0
2,25.0,53.36,1003.1,36.0,37.0,0.0,0,0,0,0.0
2,25.0,56.38,1003.1,35.0,62.0,0.0,0,0,0,0.0
2,25.0,74.69,1004.1,30.0,11.0,0.0,0,0,1,0.0
2,26.0,74.85,1004.1,31.0,48.0,0.0,0,0,1,0.0
2,27.0,67.06,1003.1,34.0,13.0,0.0,0,0,0,0.0
2,26.0,56.62,1000.0,36.0,32.0,0.0,0,0,0,0.0
2,27.0,89.02,1000.0,29.0,23.0,1.4,0,1,0,0.0
2,27.0,70.91,1001.0,33.0,25.0,0.0,0,0,0,0.0
2,25.0,83.82,1002.0,28.0,13.0,0.0,0,0,0,0.0
2,26.0,70.73,998.0,32.0,3.0,0.0,0,0,0,0.0
2,22.0,66.04,1004.1,29.0,33.0,0.0,0,1,0,0.0
2,22.0,66.04,1007.1,29.0,11.0,0.0,0,0,1,0.0
2,25.0,88.86,1006.1,27.0,24.0,0.0,1,0,0,0.0
2,24.0,78.97,1005.1,28.0,4.0,0.0,1,0,0,0.0
2,21.0,49.49,1007.1,33.0,2.0,0.0,0,1,0,0.0
2,26.0,66.86,1007.1,33.0,74.0,0.0,0,0,1,0.0
2,25.0,59.59,1006.1,34.0,6.0,0.0,0,0,0,0.0
2,25.0,59.59,1005.1,34.0,14.0,0.0,0,0,0,0.0
2,25.0,63.01,1006.1,33.0,22.0,0.0,0,0,1,0.0
2,23.0,55.89,1010.8,33.0,334.0,0.0,0,0,1,0.0
2,23.0,52.86,1008.1,34.0,461.0,0.0,0,0,1,0.0
2,25.0,59.59,1007.1,34.0,575.0,0.0,0,0,1,0.0
2,26.0,66.86,1008.1,33.0,17.0,0.0,0,0,1,0.0
2,24.0,53.11,1005.1,35.0,45.0,0.0,0,0,0,0.0
2,23.0,50.01,1004.1,35.0,18.0,0.0,0,0,1,0.0
2,23.0,52.86,1004.1,34.0,143.0,0.0,0,0,1,0.0
2,23.0,55.89,1004.1,33.0,74.0,0.0,1,0,0,0.0
2,25.0,66.66,1000.0,32.0,230.0,0.5,1,0,0,0.0
2,25.0,63.01,1000.0,33.0,37.0,0.0,0,0,1,0.0
2,24.0,59.36,1005.1,33.0,40.0,0.0,1,0,0,0.0
2,25.0,66.66,1003.1,32.0,197.0,0.0,1,0,0,0.0
2,25.0,74.69,1003.1,30.0,374.0,0.0,1,0,0,0.0
2,25.0,88.86,991.9,27.0,617.0,13.5,1,0,0,0.0
2,26.0,74.85,998.0,31.0,144.0,0.0,0,0,1,0.0
2,26.0,66.86,1000.0,33.0,309.0,0.0,0,0,1,0.0
2,25.0,63.01,1001.0,33.0,41.0,0.0,0,0,1,0.0
2,26.0,63.23,1001.0,34.0,34.0,0.0,0,0,0,0.0
2,26.0,59.82,1002.0,35.0,3.0,0.0,0,1,0,0.0
2,27.0,63.45,1004.1,35.0,3.0,0.0,0,0,0,0.0
2,28.0,67.26,1006.1,35.0,3.0,0.0,0,1,0,0.0
2,25.0,59.59,1008.1,34.0,12.0,0.0,0,0,0,0.0
2,25.0,63.01,1009.1,33.0,109.0,0.0,0,0,1,0.0
2,26.0,63.23,1008.1,34.0,16.0,0.0,0,0,1,0.0
2,26.0,59.82,1007.1,35.0,40.0,0.0,0,0,0,0.0
2,26.0,63.23,1005.1,34.0,3.0,0.0,0,1,0,0.0
2,25.0,59.59,1006.1,34.0,19.0,0.0,0,0,0,0.0
2,23.0,78.82,1010.2,27.0,36.0,0.0,1,0,0,0.0
2,23.0,83.6,1010.8,26.0,178.0,0.0,1,0,0,0.0
2,23.0,70.17,1010.8,29.0,20.0,0.0,1,0,0,0.0
2,25.0,94.25,1011.9,26.0,2.0,0.4,1,0,0,0.0
2,22.0,58.89,1008.1,31.0,88.0,0.0,1,0,0,0.0
2,24.0,66.45,1000.0,31.0,244.0,0.0,1,0,0,0.0
2,25.0,83.82,1002.0,28.0,124.0,0.0,0,1,0,0.0
2,24.0,66.45,1007.1,31.0,16.0,0.0,1,0,0,0.0
2,23.0,55.89,1009.1,33.0,2.0,0.0,0,0,0,0.0
3,20.0,55.15,1011.9,30.0,53.0,0.0,0,0,1,0.0
3,21.0,55.4,1010.2,31.0,95.0,0.0,0,0,1,0.0
3,23.0,66.25,1009.1,30.0,21.0,0.0,0,0,0,0.0
3,21.0,94.07,1013.9,22.0,69.0,3.0,0,1,0,0.0
3,20.0,69.6,1018.0,26.0,20.0,0.0,1,0,0,0.0
3,23.0,66.25,1018.0,30.0,22.0,0.0,1,0,0,0.0
3,23.0,70.17,1013.9,29.0,13.0,38.1,0,0,0,0.0
3,23.0,74.35,1012.9,28.0,27.0,0.0,1,0,0,0.0
3,24.0,83.71,1010.8,27.0,3.0,0.0,0,1,0,0.0
3,20.0,65.62,1013.9,27.0,90.0,0.1,1,0,0,0.0
3,18.0,51.57,1011.9,29.0,2.0,0.0,0,0,0,0.0
3,24.0,70.36,1008.1,30.0,5.0,0.0,0,1,0,0.0
3,20.0,83.25,1010.8,23.0,5.0,0.2,1,0,0,0.0
3,18.0,73.5,1015.9,23.0,5.0,0.0,1,0,0,0.0
3,15.0,53.88,1016.9,25.0,36.0,0.0,1,0,0,0.0
3,15.0,50.78,1012.9,26.0,199.0,0.0,1,0,0,0.0
3,15.0,53.88,1010.2,25.0,134.0,0.0,0,1,0,0.0
3,14.0,47.61,1010.8,26.0,36.0,0.0,0,1,0,0.0
3,11.0,34.78,1012.9,28.0,10.0,0.0,0,1,0,0.0
3,16.0,48.15,1013.9,28.0,50.0,0.0,0,0,1,0.0
3,19.0,65.41,1013.9,26.0,92.0,0.0,0,0,1,1.0
3,18.0,88.28,1011.9,20.0,12.0,0.0,0,0,1,0.0
3,15.0,50.78,1011.9,26.0,27.0,0.0,1,0,0,0.0
3,15.0,45.16,1013.9,28.0,17.0,0.0,1,0,0,0.0
3,16.0,54.14,1016.9,26.0,18.0,0.0,0,0,1,0.0
3,17.0,54.39,1015.9,27.0,36.0,0.0,1,0,0,0.0
3,16.0,48.15,1014.9,28.0,27.0,0.0,1,0,0,0.0
3,7.0,33.63,1016.9,24.0,23.0,0.0,1,0,0,0.0
3,2.0,22.32,1016.9,25.0,15.0,0.0,1,0,0,0.0
3,7.0,31.68,1018.0,25.0,12.0,0.0,1,0,0,0.0
3,6.0,27.87,1018.0,26.0,8.0,0.0,1,0,0,0.0
3,12.0,44.33,1012.9,25.0,5.0,0.0,1,0,0,0.0
3,3.0,22.59,1013.9,26.0,16.0,0.0,1,0,0,0.0
3,14.0,50.51,1016.9,25.0,11.0,0.0,1,0,0,1.0
3,16.0,57.44,1020.0,25.0,21.0,0.0,1,0,0,1.0
3,11.0,44.04,1022.0,24.0,123.0,0.0,1,0,0,0.0
3,12.0,44.33,1019.0,25.0,17.0,0.0,1,0,0,0.0
3,13.0,50.24,1015.9,24.0,2.0,0.0,0,1,0,0.0
3,13.0,47.33,1016.9,25.0,20.0,0.0,1,0,0,1.0
3,9.0,40.92,1019.0,23.0,134.0,0.0,1,0,0,0.0
3,10.0,43.76,1018.0,23.0,224.0,0.0,1,0,0,0.0
3,14.0,53.62,1015.9,24.0,3.0,0.0,1,0,0,0.0
3,14.0,50.51,1016.9,25.0,81.0,0.0,1,0,0,0.0
3,12.0,41.78,1020.0,26.0,186.0,0.0,1,0,0,0.0
3,15.0,50.78,1014.9,26.0,22.0,0.0,0,0,1,0.0
3,4.0,30.81,1020.0,22.0,28.0,0.0,1,0,0,0.0
3,4.0,32.75,1021.0,21.0,14.0,0.0,1,0,0,0.0
3,10.0,43.76,1020.0,23.0,14.0,0.0,0,0,1,0.0
3,12.0,47.05,1018.0,24.0,4.0,0.0,0,0,1,0.0
3,16.0,51.05,1018.0,27.0,76.0,0.0,0,0,1,0.0
3,19.0,93.98,1015.9,20.0,32.0,0.1,0,1,0,1.0
3,8.0,45.93,1021.0,20.0,3.0,0.0,0,1,0,0.0
3,12.0,53.1,1016.9,22.0,18.0,0.0,0,0,0,0.0
3,17.0,77.94,1018.0,21.0,6.0,0.0,1,0,0,0.0
3,18.0,61.44,1015.9,26.0,83.0,0.0,0,0,1,0.0
3,18.0,78.09,1016.9,22.0,17.0,0.0,0,1,0,0.0
3,12.0,53.1,1023.0,22.0,12.0,0.0,1,0,0,1.0
3,10.0,46.49,1019.0,22.0,3.0,0.0,0,0,1,0.0
3,14.0,87.93,1019.0,16.0,5.0,0.0,1,0,0,0.0
3,4.0,44.78,1020.0,16.0,62.0,0.0,0,1,0,0.0
3,7.0,48.59,1022.0,18.0,11.0,0.0,1,0,0,1.0
3,9.0,52.3,1022.0,19.0,15.0,0.0,0,0,1,0.0
3,12.0,60.03,1020.0,20.0,49.0,0.0,0,0,1,0.0
3,-1.0,31.28,1018.0,16.0,76.0,0.0,0,1,0,0.0
3,0.0,31.58,1019.0,17.0,25.0,0.0,0,1,0,0.0
3,1.0,38.56,1023.0,15.0,25.0,0.0,0,1,0,1.0
3,5.0,48.03,1020.0,16.0,2.0,0.0,0,1,0,1.0
3,10.0,55.93,1015.9,19.0,16.0,0.0,0,0,1,0.0
3,13.0,82.4,1016.9,16.0,76.0,0.1,1,0,0,0.0
3,16.0,88.11,1010.8,18.0,19.0,0.0,0,0,0,0.0
3,0.0,40.84,1022.0,13.0,202.0,0.0,0,1,0,0.0
3,-4.0,25.04,1021.0,16.0,14.0,0.0,0,1,0,0.0
3,4.0,42.02,1016.9,17.0,28.0,0.0,0,1,0,0.0
3,2.0,41.43,1026.1,15.0,69.0,0.0,1,0,0,0.0
3,14.0,93.75,1019.0,15.0,30.0,0.1,0,0,1,0.0
3,2.0,47.17,1021.0,13.0,130.0,0.0,0,1,0,1.0
3,4.0,47.74,1021.0,15.0,11.0,0.0,0,0,1,0.0
3,6.0,51.48,1021.0,16.0,4.0,0.0,1,0,0,1.0
3,7.0,55.15,1021.0,16.0,4.0,0.0,1,0,0,0.0
3,13.0,93.7,1013.9,14.0,15.0,1.4,0,0,1,0.0
3,14.0,82.52,1013.9,17.0,81.0,0.1,1,0,0,0.0
3,9.0,93.5,1021.0,10.0,20.0,0.1,1,0,0,0.0
3,-1.0,46.29,1024.0,10.0,12.0,0.0,1,0,0,0.0
3,12.0,93.65,1012.9,13.0,32.0,0.0,0,0,1,0.0
3,2.0,57.51,1024.0,10.0,148.0,0.1,0,1,0,1.0
3,-2.0,35.27,1024.0,13.0,15.0,0.0,0,0,0,0.0
3,3.0,41.73,1018.0,16.0,3.0,0.0,0,1,0,1.0
3,6.0,58.54,1021.0,14.0,46.0,0.0,1,0,0,0.0
3,6.0,66.71,1023.0,12.0,80.0,0.0,1,0,0,0.0
4,6.0,71.27,1025.1,11.0,178.0,0.1,1,0,0,0.0
4,7.0,76.35,1021.0,11.0,295.0,0.0,1,0,0,0.0
4,6.0,71.27,1021.0,11.0,25.0,0.0,0,1,0,0.0
4,-6.0,31.84,1024.0,10.0,1.0,0.0,0,0,0,0.0
4,-1.0,40.54,1021.0,12.0,20.0,0.0,0,1,0,0.0
4,-6.0,31.84,1025.1,10.0,3.0,0.0,0,0,1,0.0
4,1.0,41.14,1021.0,14.0,10.0,0.0,0,1,0,1.0
4,0.0,49.8,1024.0,10.0,7.0,0.0,0,1,0,1.0
4,-10.0,30.61,1026.1,6.0,5.0,0.0,0,1,0,0.0
4,-3.0,52.41,1026.1,6.0,12.0,0.0,1,0,0,0.0
4,-1.0,46.29,1027.1,10.0,31.0,0.0,1,0,0,0.0
4,-3.0,42.71,1029.1,9.0,3.0,0.0,0,0,1,0.0
4,6.0,58.54,1024.0,14.0,58.0,0.0,0,0,1,0.0
4,12.0,67.99,1016.9,18.0,13.0,0.0,0,1,0,0.0
4,6.0,87.19,1020.0,8.0,38.0,0.0,0,1,0,1.0
4,8.0,93.45,1021.0,9.0,66.0,0.5,1,0,0,0.0
4,3.0,66.05,1026.1,9.0,171.0,0.0,1,0,0,0.0
4,-2.0,60.51,1031.8,5.0,25.0,0.0,0,1,0,0.0
4,-5.0,48.34,1030.1,5.0,1.0,0.0,0,0,0,0.0
4,4.0,66.27,1025.1,10.0,11.0,0.0,1,0,0,0.0
4,5.0,87.09,1020.0,7.0,48.0,0.0,0,1,0,0.0
4,3.0,81.06,1028.1,6.0,13.0,0.0,0,1,0,1.0
4,-5.0,55.63,1033.9,3.0,82.0,0.0,0,1,0,1.0
4,-9.0,38.08,1030.1,4.0,2.0,0.0,0,0,0,1.0
4,-2.0,49.22,1030.1,8.0,40.0,0.0,1,0,0,0.0
4,2.0,80.92,1031.2,5.0,169.0,0.0,1,0,0,0.0
4,7.0,93.4,1023.0,8.0,280.0,0.9,1,0,0,0.0
4,6.0,93.35,1022.0,7.0,62.0,0.0,0,1,0,0.0
4,6.0,93.35,1021.0,7.0,15.0,0.1,0,1,0,0.0
4,-8.0,54.8,1030.1,0.0,200.0,0.0,0,1,0,0.0
4,-9.0,38.08,1026.1,4.0,22.0,0.0,0,0,0,0.0
4,-6.0,36.44,1023.0,8.0,16.0,0.0,0,0,0,0.0
4,-1.0,56.72,1030.0,7.0,62.0,0.0,1,0,0,0.0
4,-4.0,74.41,1039.0,0.0,57.0,0.0,0,1,0,0.0
4,-3.0,69.43,1032.0,2.0,3.0,0.0,0,1,0,0.0
4,-1.0,74.96,1028.0,3.0,41.0,0.0,1,0,0,0.0
4,-4.0,64.42,1027.0,2.0,12.0,0.0,0,1,0,0.0
4,-2.0,52.7,1025.0,7.0,15.0,0.0,1,0,0,1.0
4,-1.0,60.76,1028.0,6.0,42.0,0.0,1,0,0,1.0
4,-6.0,41.79,1030.0,6.0,134.0,0.0,1,0,0,0.0
4,0.0,56.99,1027.0,8.0,5.0,0.0,0,0,0,0.0
4,1.0,57.25,1025.0,9.0,6.0,0.0,1,0,0,1.0
4,5.0,87.09,1020.0,7.0,22.0,0.0,1,0,0,0.0
4,3.0,70.67,1024.0,8.0,9.0,0.0,1,0,0,1.0
4,2.0,61.51,1023.0,9.0,11.0,0.0,0,0,1,0.0
4,-2.0,64.9,1028.0,4.0,5.0,0.0,1,0,0,1.0
4,-7.0,44.49,1034.0,4.0,3.0,0.0,0,0,0,1.0
4,10.0,76.84,1023.0,14.0,106.0,0.0,0,0,1,0.0
4,6.0,87.19,1023.0,8.0,40.0,0.0,0,1,0,1.0
4,2.0,86.79,1027.0,4.0,9.0,0.0,1,0,0,1.0
4,-1.0,65.13,1024.0,5.0,62.0,0.0,0,1,0,1.0
4,3.0,61.76,1021.0,10.0,12.0,0.0,0,1,0,1.0
4,-2.0,49.22,1025.0,8.0,11.0,0.0,0,0,0,1.0
4,-3.0,37.36,1023.0,11.0,4.0,0.0,1,0,0,1.0
4,-3.0,37.36,1027.0,11.0,19.0,0.0,0,0,0,0.0
4,3.0,44.49,1023.0,15.0,11.0,0.0,0,0,0,0.0
4,2.0,38.86,1026.0,16.0,15.0,0.0,0,0,1,1.0
4,8.0,55.41,1021.0,17.0,155.0,0.0,0,0,1,0.0
4,13.0,87.84,1020.0,15.0,9.0,0.0,0,1,0,1.0
4,2.0,61.51,1030.0,9.0,106.0,0.0,1,0,0,0.0
4,6.0,71.27,1020.0,11.0,64.0,0.0,0,0,1,0.0
4,6.0,81.48,1023.0,9.0,14.0,0.0,1,0,0,0.0
4,8.0,93.45,1017.0,9.0,3.0,0.4,1,0,0,0.0
4,2.0,80.92,1023.0,5.0,25.0,0.0,1,0,0,0.0
4,1.0,86.68,1028.0,3.0,89.0,0.4,1,0,0,0.0
4,-4.0,74.41,1033.0,0.0,261.0,0.0,1,0,0,0.0
4,-5.0,55.63,1030.0,3.0,2.0,0.0,0,0,0,0.0
4,-3.0,52.41,1027.0,6.0,2.0,0.0,0,0,0,1.0
4,0.0,53.26,1029.0,9.0,5.0,0.0,0,0,1,0.0
4,2.0,80.92,1028.0,5.0,4.0,0.0,0,1,0,0.0
4,-2.0,52.7,1027.0,7.0,6.0,0.0,1,0,0,0.0
4,7.0,93.4,1021.0,8.0,3.0,1.1,1,0,0,0.0
4,2.0,61.51,1027.0,9.0,105.0,0.0,1,0,0,0.0
4,1.0,53.53,1026.0,10.0,22.0,0.0,0,0,1,0.0
4,9.0,81.88,1015.0,12.0,5.0,0.0,0,0,0,0.0
4,6.0,93.35,1019.0,7.0,32.0,0.9,1,0,0,0.0
4,1.0,80.78,1028.0,4.0,5.0,0.0,0,1,0,0.0
4,-3.0,48.93,1030.0,7.0,4.0,0.0,1,0,0,0.0
4,1.0,61.26,1030.0,8.0,23.0,0.0,1,0,0,0.0
4,4.0,62.0,1029.0,11.0,8.0,0.0,0,1,0,0.0
4,3.0,50.65,1031.0,13.0,2.0,0.0,0,0,0,1.0
4,1.0,41.14,1027.0,14.0,88.0,0.0,0,0,1,0.0
4,12.0,93.65,1017.0,13.0,5.0,0.0,1,0,0,0.0
4,6.0,71.27,1021.0,11.0,109.0,0.0,1,0,0,0.0
4,7.0,55.15,1013.0,16.0,47.0,0.0,0,0,1,0.0
1,2.0,80.92,1023.0,5.0,107.0,0.1,1,0,0,0.0
1,-3.0,56.18,1033.0,5.0,288.0,0.0,1,0,0,0.0
1,-5.0,39.32,1027.0,8.0,7.0,0.0,0,0,0,0.0
1,-1.0,29.35,1024.0,17.0,12.0,0.0,0,1,0,0.0
1,6.0,48.31,1026.0,17.0,16.0,0.0,0,0,1,1.0
1,0.0,23.15,1020.0,22.0,21.0,0.0,0,0,0,0.0
1,5.0,33.05,1016.0,22.0,25.0,0.0,0,1,0,1.0
1,4.0,24.24,1011.0,26.0,23.0,0.0,0,0,0,0.0
1,9.0,28.71,1009.0,29.0,30.0,0.0,0,0,0,0.0
1,2.0,61.51,1025.0,9.0,125.0,0.0,1,0,0,0.0
1,4.0,75.84,1024.0,8.0,245.0,0.0,1,0,0,0.0
1,8.0,48.87,1012.0,19.0,6.0,0.0,0,0,1,0.0
1,4.0,81.2,1022.0,7.0,95.0,0.7,1,0,0,0.0
1,-1.0,52.98,1030.0,8.0,240.0,0.0,1,0,0,0.0
1,2.0,47.17,1025.0,13.0,18.0,0.0,0,0,1,0.0
1,8.0,45.93,1021.0,20.0,2.0,0.0,1,0,0,0.0
1,15.0,88.02,1010.0,17.0,97.0,0.0,0,0,1,0.0
1,9.0,59.29,1009.0,17.0,94.0,0.0,0,1,0,0.0
1,13.0,53.36,1008.0,23.0,41.0,0.0,0,0,1,0.0
1,6.0,81.48,1019.0,9.0,56.0,0.0,1,0,0,0.0
1,1.0,50.08,1019.0,11.0,19.0,0.0,0,0,1,0.0
1,13.0,68.2,1012.0,19.0,4.0,0.0,0,1,0,0.0
1,8.0,87.38,1015.0,10.0,3.0,0.0,1,0,0,0.0
1,9.0,93.5,1015.0,10.0,40.0,2.6,1,0,0,0.0
1,2.0,57.51,1020.0,10.0,5.0,0.0,1,0,0,0.0
1,7.0,71.47,1017.0,12.0,9.0,0.0,0,1,0,0.0
1,9.0,52.3,1015.0,19.0,2.0,0.0,0,0,1,1.0
1,5.0,58.29,1022.0,13.0,64.0,0.0,1,0,0,0.0
1,0.0,31.58,1018.0,17.0,35.0,0.0,0,0,1,0.0
1,5.0,51.2,1023.0,15.0,82.0,0.0,1,0,0,0.0
1,9.0,55.67,1017.0,18.0,87.0,0.0,0,0,1,0.0
1,4.0,50.92,1021.0,14.0,83.0,0.0,1,0,0,0.0
1,-3.0,23.77,1016.0,18.0,5.0,0.0,0,0,1,0.0
1,11.0,82.14,1013.0,14.0,132.0,0.0,0,0,1,0.0
1,15.0,93.8,1005.0,16.0,18.0,0.0,1,0,0,0.0
1,3.0,61.76,1014.0,10.0,142.0,0.0,0,1,0,0.0
1,-3.0,30.68,1017.0,14.0,3.0,0.0,0,1,0,0.0
1,5.0,39.75,1013.0,19.0,10.0,0.0,0,0,0,0.0
1,-4.0,22.06,1021.0,18.0,4.0,0.0,1,0,0,0.0
1,-3.0,25.32,1022.0,17.0,3.0,0.0,0,0,0,0.0
1,-5.0,20.46,1021.0,18.0,2.0,0.0,0,0,0,0.0
1,-3.0,18.57,1020.0,22.0,16.0,0.0,0,1,0,0.0
1,5.0,24.52,1015.0,27.0,22.0,0.0,0,0,0,0.0
1,7.0,28.15,1010.0,27.0,13.0,0.0,0,1,0,0.0
1,10.0,28.99,1009.0,30.0,40.0,0.0,0,0,0,0.0
1,7.0,29.86,1004.0,26.0,27.0,0.0,0,0,0,0.0
1,11.0,63.64,1011.0,18.0,30.0,0.0,1,0,0,0.0
1,1.0,36.17,1017.0,16.0,199.0,0.0,1,0,0,0.0
1,8.0,93.45,1017.0,9.0,37.0,0.1,1,0,0,0.0
1,3.0,47.46,1023.0,14.0,8.0,0.0,1,0,0,0.0
1,4.0,42.02,1019.0,17.0,51.0,0.0,0,0,1,0.0
1,12.0,82.27,1013.0,15.0,17.0,0.0,0,1,0,0.0
1,10.0,63.41,1015.0,17.0,9.0,0.0,0,1,0,0.0
1,11.0,44.04,1012.0,24.0,10.0,0.0,0,1,0,1.0
1,2.0,23.7,1017.0,24.0,3.0,0.0,0,0,0,0.0
1,8.0,31.97,1013.0,26.0,6.0,0.0,0,0,1,0.0
1,15.0,50.78,1012.0,26.0,15.0,0.0,0,0,1,0.0
1,18.0,57.93,1012.0,27.0,12.0,0.0,1,0,0,1.0
1,6.0,45.36,1012.0,18.0,148.0,0.0,1,0,0,0.0
1,2.0,26.74,1015.0,22.0,17.0,0.0,1,0,0,0.0
1,5.0,33.05,1015.0,22.0,2.0,0.0,0,0,0,0.0
1,6.0,35.42,1015.0,22.0,97.0,0.0,0,0,1,0.0
1,11.0,46.78,1019.0,23.0,17.0,0.0,1,0,0,0.0
1,12.0,47.05,1020.0,24.0,10.0,0.0,0,0,1,0.0
1,16.0,88.11,1018.0,18.0,90.0,2.0,0,0,1,0.0
1,14.0,56.95,1017.0,23.0,64.0,0.0,0,0,1,0.0
1,16.0,88.11,1015.0,18.0,197.0,0.4,0,0,1,0.0
1,21.0,94.07,1008.0,22.0,23.0,0.1,0,0,1,0.0
1,16.0,68.81,1008.0,22.0,67.0,0.0,0,1,0,1.0
1,16.0,54.14,1007.0,26.0,4.0,0.0,0,0,0,1.0
1,12.0,33.11,1007.0,30.0,21.0,0.0,0,0,0,0.0
1,10.0,27.38,1008.0,31.0,81.0,0.0,0,0,1,0.0
1,18.0,54.65,1007.0,28.0,223.0,0.0,0,0,1,0.0
1,20.0,73.84,1008.0,25.0,6.0,0.0,1,0,0,0.0
1,20.0,94.03,1009.0,21.0,143.0,0.5,1,0,0,0.0
1,18.0,88.28,1011.0,20.0,6.0,0.9,0,0,1,0.0
1,20.0,94.03,1005.0,21.0,4.0,1.0,0,0,1,0.0
1,15.0,57.2,1004.0,24.0,89.0,0.0,0,1,0,1.0
1,16.0,40.52,1005.0,31.0,2.0,0.0,0,0,0,0.0
1,8.0,22.61,1005.0,32.0,12.0,0.0,0,0,1,0.0
1,20.0,61.9,1007.0,28.0,99.0,0.0,0,0,1,0.0
1,20.0,83.25,1012.0,23.0,49.0,0.0,1,0,0,0.0
1,19.0,54.9,1012.0,29.0,99.0,0.0,0,0,1,0.0
1,18.0,51.57,1010.0,29.0,250.0,0.0,0,0,1,0.0
1,18.0,65.19,1007.0,25.0,447.0,0.0,0,0,1,0.0
1,21.0,88.54,1001.0,23.0,5.0,0.4,0,1,0,0.0
1,18.0,61.44,1007.0,26.0,6.0,0.0,0,0,0,0.0
1,19.0,48.96,1010.0,31.0,2.0,0.0,0,1,0,0.0
1,15.0,93.8,1014.0,16.0,122.0,1.1,1,0,0,0.0
2,17.0,73.32,1006.0,22.0,28.0,0.0,1,0,0,0.0
2,14.0,60.51,1008.0,22.0,6.0,0.0,1,0,0,0.0
2,14.0,44.89,1010.0,27.0,3.0,0.0,0,0,1,0.0
2,17.0,57.69,1014.0,26.0,112.0,0.0,0,0,1,0.0
2,21.0,65.83,1014.0,28.0,6.0,0.0,1,0,0,0.0
2,20.0,61.9,1011.0,28.0,137.0,0.0,0,0,1,0.0
2,20.0,83.25,1004.0,23.0,289.0,1.0,0,0,1,0.0
2,19.0,83.13,998.0,22.0,41.0,0.0,0,0,0,0.0
2,20.0,88.45,1002.0,22.0,124.0,0.0,0,1,0,0.0
2,19.0,78.24,1006.0,23.0,100.0,0.0,1,0,0,0.0
2,17.0,69.01,1005.0,23.0,8.0,0.0,1,0,0,0.0
2,18.0,73.5,1011.0,23.0,9.0,0.0,1,0,0,1.0
2,17.0,73.32,1014.0,22.0,13.0,0.0,0,0,1,0.0
2,20.0,88.45,1012.0,22.0,24.0,0.0,1,0,0,0.0
2,23.0,83.6,1010.0,26.0,3.0,0.0,0,0,1,0.0
2,25.0,63.01,1007.0,33.0,4.0,0.0,0,0,0,0.0
2,24.0,53.11,1001.0,35.0,9.0,0.0,0,1,0,0.0
2,25.0,59.59,998.0,34.0,5.0,0.0,0,0,0,0.0
2,26.0,70.73,1000.0,32.0,6.0,0.0,1,0,0,1.0
2,23.0,83.6,1004.0,26.0,114.0,0.0,1,0,0,0.0
2,20.0,55.15,1008.0,30.0,210.0,0.0,1,0,0,0.0
2,21.0,58.65,1007.0,30.0,16.0,0.0,0,0,1,0.0
2,24.0,56.14,1003.0,34.0,11.0,0.0,0,1,0,0.0
2,24.0,83.71,1005.0,27.0,4.0,0.0,0,0,1,0.0
2,25.0,79.11,1001.0,29.0,5.0,0.0,0,0,0,0.0
2,20.0,78.39,1004.0,24.0,37.0,0.0,1,0,0,0.0
2,21.0,88.54,1002.0,23.0,6.0,11.9,1,0,0,0.0
2,20.0,83.25,1005.0,23.0,47.0,0.0,1,0,0,0.0
2,22.0,83.48,1008.0,25.0,15.0,0.0,0,0,1,0.0
2,26.0,63.23,1006.0,34.0,11.0,0.0,0,0,0,0.0
2,23.0,47.33,1004.0,36.0,50.0,0.0,0,0,0,0.0
2,24.0,56.14,1004.0,34.0,163.0,0.0,0,0,0,0.0
2,22.0,42.18,1000.0,37.0,289.0,0.0,0,0,0,0.0
2,22.0,47.07,999.0,35.0,452.0,0.0,0,0,0,0.0
2,24.0,70.36,1005.0,30.0,6.0,0.0,0,0,1,0.0
2,24.0,53.11,1004.0,35.0,34.0,0.0,0,0,0,0.0
2,24.0,50.27,1006.0,36.0,36.0,0.0,0,0,0,0.0
2,24.0,47.6,1006.0,37.0,42.0,0.0,0,0,0,0.0
2,24.0,47.6,1005.0,37.0,19.0,0.0,0,0,0,0.0
2,25.0,47.86,1007.0,38.0,2.0,0.0,0,0,0,0.0
2,22.0,49.75,1007.0,34.0,13.0,0.0,0,0,1,0.0
2,23.0,52.86,1006.0,34.0,173.0,0.0,0,0,1,0.0
2,23.0,52.86,1005.0,34.0,385.0,0.0,0,0,1,0.0
2,23.0,52.86,1005.0,34.0,9.0,0.0,0,0,1,0.0
2,21.0,44.28,1006.0,35.0,51.0,0.0,0,0,0,0.0
2,23.0,50.01,1006.0,35.0,3.0,0.0,0,0,1,0.0
2,21.0,46.8,1006.0,34.0,50.0,0.0,0,0,0,0.0
2,22.0,49.75,1006.0,34.0,16.0,0.0,0,0,0,0.0
2,23.0,47.33,1005.0,36.0,5.0,0.0,0,1,0,0.0
2,23.0,50.01,1004.0,35.0,28.0,0.0,0,0,0,0.0
2,23.0,52.86,1006.0,34.0,57.0,0.0,0,0,0,0.0
2,22.0,42.18,1006.0,37.0,78.0,0.0,0,0,0,0.0
2,22.0,42.18,1004.0,37.0,7.0,0.0,0,1,0,0.0
2,23.0,40.23,1004.0,39.0,8.0,0.0,0,0,0,0.0
2,24.0,42.72,1003.0,39.0,4.0,0.0,0,1,0,0.0
2,24.0,47.6,1004.0,37.0,13.0,0.0,0,1,0,0.0
2,21.0,39.68,1005.0,37.0,25.0,0.0,0,1,0,0.0
2,22.0,42.18,1004.0,37.0,21.0,0.0,0,1,0,0.0
2,21.0,35.62,1001.0,39.0,6.0,0.0,0,0,0,0.0
2,21.0,35.62,1002.0,39.0,7.0,0.0,0,0,0,0.0
2,23.0,42.45,1004.0,38.0,2.0,0.0,0,1,0,0.0
2,23.0,55.89,1009.0,33.0,5.0,0.0,0,0,1,0.0
2,23.0,52.86,1009.0,34.0,68.0,0.0,0,0,0,0.0
2,23.0,50.01,1007.0,35.0,6.0,0.0,0,1,0,0.0
2,23.0,47.33,1004.0,36.0,30.0,0.0,0,0,0,0.0
2,21.0,35.62,1005.0,39.0,32.0,0.0,0,0,0,0.0
2,22.0,34.04,1006.0,41.0,13.0,0.0,0,1,0,0.0
2,20.0,33.49,1006.0,39.0,25.0,0.0,0,1,0,0.0
2,22.0,35.89,1005.0,40.0,2.0,0.0,0,0,0,0.0
2,23.0,40.23,1006.0,39.0,3.0,0.0,0,0,0,0.0
2,24.0,42.72,1007.0,39.0,2.0,0.0,0,1,0,0.0
2,22.0,44.55,1007.0,36.0,26.0,0.0,0,0,0,0.0
2,23.0,50.01,1007.0,35.0,13.0,0.0,0,0,0,0.0
2,22.0,47.07,1007.0,35.0,6.0,0.0,0,0,0,0.0
2,23.0,50.01,1006.0,35.0,11.0,0.0,0,0,0,0.0
2,22.0,47.07,1003.0,35.0,145.0,0.0,0,0,1,0.0
2,21.0,44.28,1003.0,35.0,5.0,0.0,0,0,1,0.0
2,22.0,55.65,1003.0,32.0,9.0,0.0,0,0,1,0.0
2,24.0,62.79,1003.0,32.0,101.0,0.0,1,0,0,0.0
2,23.0,50.01,1005.0,35.0,37.0,0.0,1,0,0,0.0
2,24.0,62.79,1003.0,32.0,181.0,0.0,1,0,0,0.0
2,24.0,62.79,1002.0,32.0,27.0,0.0,0,0,1,0.0
2,24.0,56.14,1003.0,34.0,40.0,0.0,0,0,1,0.0
2,23.0,50.01,1004.0,35.0,31.0,0.0,0,0,0,0.0
2,23.0,50.01,1004.0,35.0,19.0,0.0,0,1,0,0.0
2,22.0,74.19,1006.0,27.0,9.0,0.0,1,0,0,0.0
2,22.0,62.35,1008.0,30.0,5.0,0.0,0,0,1,0.0
2,24.0,56.14,1004.0,34.0,3.0,0.0,0,0,1,0.0
2,25.0,53.36,1001.0,36.0,28.0,0.0,0,0,0,0.0
2,22.0,58.89,1003.0,31.0,50.0,0.0,1,0,0,0.0
2,15.0,42.62,1010.0,29.0,12.0,0.0,1,0,0,0.0
3,14.0,39.96,1013.0,29.0,195.0,0.0,1,0,0,0.0
3,11.0,34.78,1014.0,28.0,29.0,0.0,1,0,0,0.0
3,17.0,64.98,1015.0,24.0,3.0,1.0,1,0,0,0.0
3,19.0,88.37,1017.0,21.0,24.0,0.0,1,0,0,0.0
3,19.0,69.4,1017.0,25.0,12.0,0.0,1,0,0,0.0
3,18.0,54.65,1017.0,28.0,14.0,0.0,1,0,0,0.0
3,21.0,55.4,1013.0,31.0,4.0,0.0,0,0,0,0.0
3,21.0,46.8,1010.0,34.0,15.0,0.0,0,0,0,0.0
3,23.0,55.89,1012.0,33.0,2.0,0.0,0,0,1,0.0
3,22.0,55.65,1013.0,32.0,26.0,0.0,0,0,1,0.0
3,25.0,63.01,1010.0,33.0,2.0,0.0,0,1,0,0.0
3,23.0,59.13,1008.0,32.0,9.0,0.0,0,0,0,0.0
3,20.0,52.09,1009.0,31.0,52.0,0.0,1,0,0,0.0
3,10.0,27.38,1013.0,31.0,151.0,0.0,1,0,0,0.0
3,14.0,39.96,1014.0,29.0,5.0,0.0,0,0,1,0.0
3,17.0,48.42,1016.0,29.0,53.0,0.0,1,0,0,0.0
3,21.0,62.13,1014.0,29.0,19.0,0.0,0,0,1,0.0
3,21.0,58.65,1013.0,30.0,27.0,0.0,1,0,0,0.0
3,24.0,88.78,1011.0,26.0,78.0,1.3,1,0,0,0.0
3,23.0,66.25,1010.0,30.0,200.0,0.0,1,0,0,0.0
3,22.0,58.89,1011.0,31.0,42.0,0.0,0,0,1,0.0
3,22.0,55.65,1010.0,32.0,4.0,0.0,0,0,0,0.0
3,13.0,50.24,1016.0,24.0,98.0,0.0,1,0,0,0.0
3,14.0,50.51,1019.0,25.0,14.0,0.0,1,0,0,0.0
3,10.0,38.82,1016.0,25.0,4.0,0.0,1,0,0,0.0
3,17.0,61.21,1011.0,25.0,13.0,0.0,0,0,0,0.0
3,17.0,61.21,1015.0,25.0,4.0,0.0,0,1,0,0.0
3,17.0,57.69,1017.0,26.0,27.0,0.0,1,0,0,0.0
3,16.0,57.44,1016.0,25.0,4.0,0.0,0,1,0,0.0
3,17.0,61.21,1016.0,25.0,15.0,0.0,1,0,0,1.0
3,10.0,41.2,1019.0,24.0,31.0,0.0,1,0,0,0.0
3,13.0,47.33,1018.0,25.0,25.0,0.0,1,0,0,0.0
3,17.0,61.21,1016.0,25.0,35.0,0.0,1,0,0,0.0
3,22.0,94.12,1015.0,23.0,181.0,1.5,1,0,0,0.0
3,23.0,88.7,1011.0,25.0,340.0,7.0,1,0,0,0.0
3,19.0,88.37,1010.0,21.0,97.0,0.9,1,0,0,0.0
3,17.0,57.69,1015.0,26.0,21.0,0.0,1,0,0,0.0
3,19.0,61.67,1014.0,27.0,2.0,0.0,0,0,0,0.0
3,13.0,39.67,1016.0,28.0,14.0,0.0,1,0,0,1.0
3,11.0,36.87,1019.0,27.0,5.0,0.0,1,0,0,0.0
3,14.0,47.61,1018.0,26.0,5.0,0.0,0,0,1,0.0
3,15.0,45.16,1015.0,28.0,8.0,0.0,0,0,0,0.0
3,12.0,63.87,1019.0,19.0,111.0,0.0,1,0,0,0.0
3,8.0,48.87,1024.0,19.0,107.0,0.0,0,1,0,0.0
3,12.0,63.87,1026.0,19.0,18.0,0.0,1,0,0,0.0
3,14.0,60.51,1024.0,22.0,98.0,0.0,1,0,0,0.0
3,16.0,64.76,1023.0,23.0,21.0,0.0,1,0,0,0.0
3,12.0,53.1,1021.0,22.0,111.0,0.0,1,0,0,0.0
3,13.0,60.27,1020.0,21.0,18.0,0.0,1,0,0,0.0
3,12.0,56.44,1021.0,21.0,25.0,0.0,1,0,0,0.0
3,13.0,60.27,1019.0,21.0,23.0,0.0,1,0,0,0.0
3,11.0,49.7,1018.0,22.0,34.0,0.0,1,0,0,0.0
3,9.0,59.29,1021.0,17.0,7.0,0.0,0,1,0,0.0
3,6.0,45.36,1023.0,18.0,5.0,0.0,1,0,0,0.0
3,5.0,37.36,1023.0,20.0,4.0,0.0,0,0,0,0.0
3,7.0,35.71,1021.0,23.0,10.0,0.0,0,0,0,0.0
3,11.0,44.04,1021.0,24.0,5.0,0.0,0,0,1,0.0
3,15.0,64.54,1022.0,22.0,50.0,0.0,1,0,0,0.0
3,11.0,52.83,1023.0,21.0,165.0,0.0,1,0,0,0.0
3,13.0,53.36,1023.0,23.0,266.0,0.0,1,0,0,0.0
3,16.0,64.76,1020.0,23.0,20.0,0.0,1,0,0,0.0
3,15.0,68.61,1021.0,21.0,4.0,0.0,0,1,0,0.0
3,7.0,42.9,1027.0,20.0,27.0,0.0,1,0,0,0.0
3,8.0,45.93,1025.0,20.0,3.0,0.0,0,0,1,0.0
3,12.0,56.44,1020.0,21.0,14.0,0.0,0,1,0,1.0
3,7.0,37.95,1021.0,22.0,5.0,0.0,1,0,0,1.0
3,13.0,53.36,1020.0,23.0,63.0,0.0,0,0,1,0.0
3,17.0,54.39,1017.0,27.0,6.0,0.0,0,0,1,0.0
3,12.0,77.17,1023.0,16.0,85.0,0.0,1,0,0,0.0
3,5.0,48.03,1025.0,16.0,221.0,0.0,1,0,0,0.0
3,5.0,45.07,1022.0,17.0,51.0,0.0,1,0,0,0.0
3,6.0,45.36,1022.0,18.0,2.0,0.0,0,0,0,0.0
3,12.0,82.27,1020.0,15.0,14.0,0.0,0,0,0,0.0
3,7.0,55.15,1023.0,16.0,11.0,0.0,0,1,0,1.0
3,1.0,29.94,1019.0,19.0,16.0,0.0,0,0,0,1.0
3,-7.0,21.24,1023.0,15.0,81.0,0.0,0,1,0,0.0
3,-10.0,17.92,1025.0,14.0,36.0,0.0,0,1,0,0.0
3,-6.0,24.47,1025.0,14.0,3.0,0.0,1,0,0,0.0
3,-4.0,23.5,1022.0,17.0,5.0,0.0,0,1,0,1.0
3,3.0,36.77,1023.0,18.0,15.0,0.0,0,0,1,0.0
3,10.0,59.54,1024.0,18.0,31.0,0.0,1,0,0,0.0
3,11.0,52.83,1021.0,21.0,7.0,0.0,0,0,0,0.0
3,17.0,88.2,1011.0,19.0,5.0,0.0,0,0,0,0.0
3,1.0,41.14,1019.0,14.0,159.0,0.0,0,1,0,0.0
3,-2.0,30.98,1020.0,15.0,9.0,0.0,0,0,0,0.0
3,4.0,54.35,1024.0,13.0,32.0,0.0,0,1,0,0.0
3,-14.0,20.7,1029.0,7.0,171.0,0.0,0,1,0,0.0
3,-13.0,18.33,1027.0,10.0,285.0,0.0,0,1,0,0.0
3,-7.0,24.18,1023.0,13.0,18.0,0.0,0,0,0,0.0
4,-1.0,37.96,1025.0,13.0,38.0,0.0,0,1,0,1.0
4,-3.0,30.68,1023.0,14.0,8.0,0.0,0,0,0,1.0
4,1.0,31.87,1020.0,18.0,15.0,0.0,0,0,1,1.0
4,7.0,51.75,1021.0,17.0,21.0,0.0,1,0,0,0.0
4,10.0,76.84,1021.0,14.0,11.0,0.0,0,0,0,1.0
4,6.0,71.27,1021.0,11.0,19.0,0.0,0,1,0,1.0
4,7.0,62.71,1022.0,14.0,3.0,0.0,1,0,0,1.0
4,9.0,52.3,1018.0,19.0,6.0,0.0,0,0,0,1.0
4,5.0,71.07,1018.0,10.0,55.0,0.0,0,1,0,1.0
4,-8.0,29.18,1021.0,9.0,182.0,0.0,0,1,0,0.0
4,-7.0,25.82,1021.0,12.0,10.0,0.0,0,0,0,0.0
4,0.0,43.6,1025.0,12.0,21.0,0.0,1,0,0,0.0
4,3.0,50.65,1028.0,13.0,12.0,0.0,0,0,1,0.0
4,4.0,58.03,1029.0,12.0,32.0,0.0,1,0,0,1.0
4,4.0,86.99,1027.0,6.0,141.0,1.5,1,0,0,0.0
4,5.0,81.34,1022.0,8.0,260.0,0.3,1,0,0,0.0
4,2.0,61.51,1025.0,9.0,9.0,0.0,1,0,0,0.0
4,-7.0,41.48,1030.0,5.0,68.0,0.0,0,1,0,0.0
4,-5.0,48.34,1031.0,5.0,88.0,0.0,0,1,0,1.0
4,-7.0,38.7,1033.0,6.0,208.0,0.0,0,1,0,0.0
4,-3.0,45.7,1030.0,8.0,4.0,0.0,0,1,0,0.0
4,-4.0,42.4,1030.0,8.0,4.0,0.0,0,1,0,0.0
4,-2.0,49.22,1032.0,8.0,8.0,0.0,1,0,0,1.0
4,-1.0,49.51,1028.0,9.0,11.0,0.0,1,0,0,0.0
4,-3.0,48.93,1025.0,7.0,25.0,0.0,0,1,0,1.0
4,-10.0,37.77,1031.0,3.0,111.0,0.0,0,1,0,0.0
4,-14.0,25.49,1028.0,4.0,209.0,0.0,0,1,0,0.0
4,-12.0,27.97,1027.0,5.0,11.0,0.0,0,1,0,1.0
4,-11.0,23.04,1023.0,9.0,5.0,0.0,0,1,0,0.0
4,-9.0,20.7,1020.0,13.0,5.0,0.0,0,0,0,0.0
4,-7.0,22.66,1020.0,14.0,5.0,0.0,0,0,0,0.0
4,-5.0,23.22,1018.0,16.0,15.0,0.0,0,0,1,0.0
4,2.0,41.43,1016.0,15.0,23.0,0.0,0,1,0,1.0
4,3.0,66.05,1022.0,9.0,4.0,0.0,0,1,0,0.0
4,1.0,57.25,1024.0,9.0,1.0,0.0,0,1,0,0.0
4,0.0,40.84,1024.0,13.0,25.0,0.0,0,0,1,0.0
4,9.0,87.47,1018.0,11.0,12.0,0.0,0,0,1,0.0
4,5.0,87.09,1023.0,7.0,6.0,0.0,0,1,0,0.0
4,-6.0,44.8,1033.0,5.0,27.0,0.0,1,0,0,0.0
4,-9.0,30.92,1032.0,7.0,20.0,0.0,0,0,1,0.0
4,3.0,75.67,1030.0,7.0,73.0,0.0,1,0,0,0.0
4,3.0,75.67,1031.0,7.0,4.0,0.0,1,0,0,0.0
4,-4.0,45.4,1032.0,7.0,102.0,0.0,1,0,0,0.0
4,-3.0,45.7,1032.0,8.0,21.0,0.0,1,0,0,0.0
4,-6.0,36.44,1034.0,8.0,6.0,0.0,0,0,0,0.0
4,-2.0,40.23,1028.0,11.0,4.0,0.0,0,0,0,0.0
4,3.0,54.08,1026.0,12.0,2.0,0.0,0,1,0,0.0
4,-2.0,52.7,1034.0,7.0,45.0,0.0,0,1,0,1.0
4,-3.0,45.7,1031.0,8.0,13.0,0.0,0,0,0,0.0
4,-6.0,31.84,1027.0,10.0,27.0,0.0,0,1,0,1.0
4,-16.0,18.79,1032.0,6.0,51.0,0.0,0,1,0,0.0
4,-12.0,26.09,1031.0,6.0,2.0,0.0,0,1,0,0.0
4,-7.0,29.48,1024.0,10.0,68.0,0.0,0,0,1,0.0
4,-2.0,29.06,1017.0,16.0,12.0,0.0,0,0,1,0.0
4,0.0,38.26,1018.0,14.0,15.0,0.0,0,1,0,1.0
4,-1.0,46.29,1031.0,10.0,125.0,0.0,1,0,0,0.0
4,0.0,43.6,1023.0,12.0,26.0,0.0,0,0,1,0.0
4,2.0,44.2,1023.0,14.0,15.0,0.0,1,0,0,0.0
4,8.0,67.15,1018.0,14.0,39.0,0.0,0,0,1,0.0
4,10.0,82.01,1019.0,13.0,1.0,0.0,0,1,0,1.0
4,10.0,59.54,1019.0,18.0,6.0,0.0,0,0,0,0.0
4,11.0,46.78,1011.0,23.0,17.0,0.0,0,0,0,0.0
4,10.0,72.04,1011.0,15.0,2.0,0.0,0,0,1,1.0
4,2.0,61.51,1018.0,9.0,64.0,0.0,1,0,0,0.0
4,-7.0,38.7,1026.0,6.0,223.0,0.0,1,0,0,0.0
4,2.0,80.92,1023.0,5.0,340.0,0.4,1,0,0,0.0
4,7.0,87.28,1017.0,9.0,33.0,0.2,1,0,0,0.0
4,5.0,93.29,1017.0,6.0,178.0,0.6,1,0,0,0.0
4,-2.0,64.9,1021.0,4.0,91.0,0.0,0,1,0,0.0
4,-1.0,80.49,1025.0,2.0,36.0,0.5,1,0,0,0.0
4,-6.0,55.36,1029.0,2.0,14.0,0.0,1,0,0,0.0
4,-6.0,48.04,1026.0,4.0,95.0,0.0,0,1,0,0.0
4,0.0,70.06,1027.0,5.0,54.0,0.0,1,0,0,0.0
4,-1.0,56.72,1028.0,7.0,178.0,0.0,1,0,0,0.0
4,-4.0,42.4,1028.0,8.0,11.0,0.0,0,1,0,0.0
4,-5.0,36.74,1027.0,9.0,2.0,0.0,0,0,0,0.0
4,5.0,81.34,1024.0,8.0,5.0,0.6,0,0,1,0.0
4,7.0,87.28,1020.0,9.0,50.0,0.0,0,1,0,0.0
4,2.0,86.79,1024.0,4.0,123.0,0.8,1,0,0,0.0
4,-1.0,52.98,1031.0,8.0,20.0,0.0,0,1,0,1.0
4,-5.0,36.74,1031.0,9.0,4.0,0.0,0,0,1,1.0
4,1.0,50.08,1030.0,11.0,28.0,0.0,0,0,1,0.0
4,2.0,50.36,1029.0,12.0,31.0,0.0,1,0,0,0.0
4,8.0,81.75,1026.0,11.0,26.0,0.0,0,0,1,0.0
4,10.0,93.55,1022.0,11.0,13.0,1.6,1,0,0,0.0
4,9.0,93.5,1021.0,10.0,4.0,0.3,1,0,0,0.0
4,9.0,71.85,1024.0,14.0,0.0,0.0,0,0,0,0.0
4,7.0,87.28,1021.0,9.0,39.0,0.0,1,0,0,0.0
1,4.0,81.2,1020.0,7.0,146.0,0.0,1,0,0,0.0
1,0.0,49.8,1024.0,10.0,19.0,0.0,1,0,0,0.0
1,-3.0,32.75,1025.0,13.0,118.0,0.0,1,0,0,0.0
1,7.0,81.61,1020.0,10.0,3.0,0.0,0,0,1,0.0
1,0.0,46.58,1027.0,11.0,108.0,0.0,1,0,0,0.0
1,-3.0,45.7,1028.0,8.0,213.0,0.0,1,0,0,0.0
1,-4.0,37.05,1030.0,10.0,5.0,0.0,1,0,0,0.0
1,-1.0,52.98,1025.0,8.0,9.0,0.0,0,0,1,0.0
1,0.0,46.58,1026.0,11.0,8.0,0.0,0,1,0,0.0
1,1.0,41.14,1028.0,14.0,7.0,0.0,0,0,0,1.0
1,3.0,44.49,1024.0,15.0,106.0,0.0,0,0,1,0.0
1,14.0,93.75,1012.0,15.0,6.0,0.0,0,0,0,0.0
1,-5.0,34.36,1022.0,10.0,80.0,0.0,0,1,0,0.0
1,-4.0,28.47,1025.0,14.0,21.0,0.0,0,1,0,0.0
1,-3.0,20.99,1022.0,20.0,21.0,0.0,0,0,0,0.0
1,4.0,29.0,1021.0,23.0,16.0,0.0,0,0,0,0.0
1,11.0,44.04,1015.0,24.0,16.0,0.0,0,0,0,0.0
1,11.0,41.49,1016.0,25.0,8.0,0.0,1,0,0,1.0
1,7.0,66.93,1014.0,13.0,123.0,0.0,1,0,0,0.0
1,2.0,53.81,1024.0,11.0,26.0,0.0,1,0,0,0.0
1,-7.0,22.66,1027.0,14.0,15.0,0.0,1,0,0,0.0
1,-5.0,23.22,1025.0,16.0,22.0,0.0,0,0,0,0.0
1,1.0,33.95,1026.0,17.0,124.0,0.0,0,0,1,0.0
1,9.0,52.3,1019.0,19.0,6.0,0.0,0,0,0,0.0
1,14.0,87.93,1013.0,16.0,6.0,0.3,0,0,0,0.0
1,12.0,60.03,1014.0,20.0,32.0,0.0,0,1,0,0.0
1,10.0,52.56,1017.0,20.0,36.0,0.0,0,0,1,0.0
1,14.0,77.48,1011.0,18.0,188.0,0.0,0,0,1,0.0
1,17.0,82.89,1005.0,20.0,9.0,0.0,1,0,0,0.0
1,8.0,48.87,1017.0,19.0,14.0,0.0,1,0,0,0.0
1,6.0,51.48,1016.0,16.0,8.0,0.0,0,0,1,0.0
1,10.0,55.93,1015.0,19.0,8.0,0.0,1,0,0,0.0
1,12.0,72.42,1017.0,17.0,13.0,0.0,0,0,1,0.0
1,8.0,45.93,1017.0,20.0,29.0,0.0,1,0,0,0.0
1,-5.0,20.46,1019.0,18.0,34.0,0.0,0,1,0,0.0
1,8.0,48.87,1019.0,19.0,14.0,0.0,1,0,0,0.0
1,-7.0,18.7,1025.0,17.0,6.0,0.0,1,0,0,0.0
1,9.0,67.36,1018.0,15.0,15.0,0.0,0,0,0,0.0
1,13.0,60.27,1016.0,21.0,1.0,0.0,0,0,0,0.0
1,11.0,49.7,1017.0,22.0,2.0,0.0,0,0,0,0.0
1,4.0,25.72,1017.0,25.0,16.0,0.0,0,0,1,0.0
1,8.0,40.63,1014.0,22.0,76.0,0.0,0,0,1,0.0
1,16.0,93.84,1010.0,17.0,2.0,0.3,0,0,0,0.0
1,12.0,87.75,1017.0,14.0,31.0,0.0,1,0,0,0.0
1,7.0,40.34,1022.0,21.0,14.0,0.0,1,0,0,0.0
1,4.0,32.75,1020.0,21.0,73.0,0.0,0,0,1,0.0
1,15.0,82.65,1011.0,18.0,10.0,0.0,0,0,0,0.0
1,17.0,82.89,1009.0,20.0,4.0,0.0,0,0,0,1.0
1,11.0,77.01,1017.0,15.0,41.0,0.0,1,0,0,0.0
1,13.0,87.84,1014.0,15.0,8.0,0.4,1,0,0,0.0
1,11.0,67.78,1018.0,17.0,95.0,0.0,1,0,0,0.0
1,10.0,72.04,1016.0,15.0,10.0,0.0,1,0,0,0.0
1,10.0,63.41,1018.0,17.0,2.0,0.0,1,0,0,0.0
1,-1.0,21.52,1018.0,22.0,14.0,0.0,0,0,1,0.0
1,13.0,60.27,1017.0,21.0,91.0,0.0,0,0,1,0.0
1,12.0,49.97,1018.0,23.0,87.0,0.0,0,0,1,0.0
1,16.0,88.11,1015.0,18.0,243.0,0.7,0,0,1,0.0
1,16.0,82.77,1013.0,19.0,23.0,0.0,0,1,0,0.0
1,11.0,63.64,1016.0,18.0,167.0,0.0,0,1,0,0.0
1,9.0,40.92,1014.0,23.0,31.0,0.0,0,1,0,1.0
1,6.0,29.57,1014.0,25.0,3.0,0.0,1,0,0,0.0
1,11.0,36.87,1014.0,27.0,17.0,0.0,0,0,0,0.0
1,11.0,30.99,1015.0,30.0,4.0,0.0,0,0,0,0.0
1,6.0,45.36,1022.0,18.0,8.0,0.0,1,0,0,0.0
1,13.0,82.4,1016.0,16.0,4.0,2.4,1,0,0,0.0
1,-5.0,18.06,1022.0,20.0,74.0,0.0,1,0,0,0.0
1,-5.0,15.97,1020.0,22.0,7.0,0.0,0,0,0,0.0
1,8.0,33.92,1011.0,25.0,6.0,0.0,0,0,0,0.0
1,9.0,34.21,1014.0,26.0,24.0,0.0,1,0,0,0.0
1,9.0,46.21,1016.0,21.0,27.0,0.0,0,0,1,0.0
1,17.0,82.89,1013.0,20.0,56.0,0.4,0,0,1,0.0
1,20.0,88.45,1005.0,22.0,14.0,0.2,0,0,0,0.0
1,9.0,34.21,1011.0,26.0,8.0,0.0,0,0,0,0.0
1,4.0,24.24,1008.0,26.0,27.0,0.0,0,0,1,0.0
1,18.0,61.44,1000.0,26.0,24.0,0.0,0,1,0,1.0
1,7.0,29.86,1006.0,26.0,43.0,0.0,1,0,0,0.0
1,6.0,26.28,1010.0,27.0,10.0,0.0,0,0,0,0.0
1,15.0,77.64,1010.0,19.0,7.0,0.0,1,0,0,0.0
1,15.0,88.02,1012.0,17.0,40.0,0.0,1,0,0,0.0
1,17.0,82.89,1010.0,20.0,6.0,0.0,0,0,1,0.0
1,16.0,60.98,1007.0,24.0,53.0,0.0,0,1,0,0.0
1,15.0,42.62,1009.0,29.0,4.0,0.0,0,0,1,1.0
1,12.0,37.16,1011.0,28.0,10.0,0.0,0,0,0,0.0
1,15.0,47.88,1016.0,27.0,97.0,0.0,0,0,1,0.0
1,18.0,65.19,1013.0,25.0,8.0,0.0,0,0,1,0.0
1,22.0,78.68,1007.0,26.0,27.0,0.0,0,0,0,0.0
1,12.0,33.11,1009.0,30.0,18.0,0.0,1,0,0,0.0
1,14.0,31.83,1006.0,33.0,7.0,0.0,1,0,0,0.0
1,16.0,40.52,1007.0,31.0,5.0,0.0,0,0,0,0.0
1,12.0,27.93,1009.0,33.0,23.0,0.0,0,0,0,0.0
1,18.0,54.65,1010.0,28.0,67.0,0.0,0,0,1,0.0
2,20.0,88.45,1004.0,22.0,236.0,2.7,0,0,1,0.0
2,15.0,60.74,1004.0,23.0,185.0,0.0,0,1,0,0.0
2,16.0,60.98,1004.0,24.0,309.0,0.0,0,1,0,0.0
2,17.0,57.69,1006.0,26.0,20.0,0.0,1,0,0,0.0
2,17.0,51.31,1005.0,28.0,3.0,0.0,0,0,1,0.0
2,19.0,51.83,1003.0,30.0,5.0,0.0,1,0,0,0.0
2,19.0,65.41,1005.0,26.0,6.0,0.0,0,0,1,0.0
2,17.0,57.69,1007.0,26.0,4.0,0.0,1,0,0,0.0
2,17.0,51.31,1006.0,28.0,25.0,0.0,1,0,0,0.0
2,16.0,51.05,1007.0,27.0,39.0,0.0,1,0,0,0.0
2,16.0,48.15,1006.0,28.0,19.0,0.0,1,0,0,0.0
2,16.0,40.52,1007.0,31.0,2.0,0.0,0,0,0,0.0
2,16.0,36.2,1007.0,33.0,2.0,0.0,1,0,0,1.0
2,15.0,40.24,1007.0,30.0,9.0,0.0,1,0,0,0.0
2,20.0,73.84,1004.0,25.0,28.0,0.0,0,0,1,0.0
2,21.0,88.54,1001.0,23.0,20.0,0.1,1,0,0,0.0
2,17.0,64.98,1006.0,24.0,2.0,0.0,0,0,1,0.0
2,19.0,65.41,1005.0,26.0,68.0,0.0,0,0,1,0.0
2,22.0,83.48,1002.0,25.0,180.0,0.0,0,0,1,0.0
2,21.0,88.54,1003.0,23.0,70.0,0.2,1,0,0,0.0
2,19.0,69.4,1008.0,25.0,22.0,0.0,1,0,0,0.0
2,19.0,78.24,1008.0,23.0,7.0,0.1,0,0,1,0.0
2,18.0,51.57,1007.0,29.0,3.0,0.0,0,0,0,0.0
2,20.0,78.39,1007.0,24.0,3.0,0.0,1,0,0,0.0
2,21.0,88.54,1004.0,23.0,50.0,3.3,1,0,0,0.0
2,20.0,83.25,1006.0,23.0,48.0,0.0,1,0,0,0.0
2,20.0,58.42,1007.0,29.0,2.0,0.0,0,0,0,1.0
2,18.0,48.69,1007.0,30.0,17.0,0.0,0,0,0,1.0
2,12.0,37.16,1010.0,28.0,28.0,0.0,0,0,0,0.0
2,25.0,79.11,1002.0,29.0,84.0,0.0,0,0,0,0.0
2,25.0,66.66,1010.0,32.0,40.0,0.0,1,0,0,0.0
2,26.0,70.73,1009.0,32.0,4.0,0.0,0,0,0,0.0
2,24.0,62.79,1006.0,32.0,2.0,0.0,0,0,0,0.0
2,25.0,59.59,1006.0,34.0,8.0,0.0,0,0,0,0.0
2,24.0,59.36,1004.0,33.0,34.0,0.0,1,0,0,0.0
2,25.0,88.86,996.0,27.0,89.0,0.0,0,1,0,0.0
2,25.0,63.01,1000.0,33.0,33.0,0.0,0,1,0,0.0
2,24.0,50.27,1002.0,36.0,2.0,0.0,0,1,0,0.0
2,26.0,63.23,1004.0,34.0,2.0,0.0,0,0,0,0.0
2,26.0,59.82,1003.0,35.0,4.0,0.0,0,0,0,0.0
2,25.0,63.01,1002.0,33.0,100.0,0.0,0,0,1,0.0
2,26.0,88.94,1002.0,28.0,15.0,0.4,0,0,1,0.0
2,24.0,88.78,1004.0,26.0,9.0,0.6,1,0,0,0.0
2,23.0,78.82,1004.0,27.0,51.0,0.0,0,1,0,0.0
2,20.0,55.15,1004.0,30.0,24.0,0.0,1,0,0,0.0
2,21.0,83.37,1006.0,24.0,4.0,0.0,1,0,0,0.0
2,20.0,52.09,1004.0,31.0,4.0,0.0,0,0,1,0.0
2,24.0,83.71,1004.0,27.0,23.0,1.9,0,1,0,0.0
2,22.0,78.68,1010.0,26.0,16.0,0.0,1,0,0,0.0
2,20.0,58.42,1009.0,29.0,6.0,0.0,0,0,1,0.0
2,24.0,100.0,1006.0,24.0,11.0,0.1,1,0,0,0.0
2,22.0,83.48,1010.0,25.0,7.0,0.2,0,1,0,0.0
2,22.0,94.12,1011.0,23.0,32.0,0.1,1,0,0,0.0
2,23.0,94.16,1008.0,24.0,26.0,7.5,1,0,0,0.0
2,21.0,62.13,1010.0,29.0,2.0,0.0,1,0,0,0.0
2,24.0,66.45,1010.0,31.0,20.0,0.0,0,0,1,0.0
2,25.0,66.66,1007.0,32.0,5.0,0.4,1,0,0,0.0
2,26.0,63.23,1005.0,34.0,23.0,0.0,0,0,0,0.0
2,23.0,74.35,1010.0,28.0,51.0,0.0,0,1,0,0.0
2,20.0,55.15,1014.0,30.0,3.0,0.0,0,0,1,0.0
2,19.0,73.67,1014.0,24.0,13.0,0.0,1,0,0,0.0
2,24.0,74.52,1014.0,29.0,6.0,0.0,0,0,1,0.0
2,23.0,83.6,1013.0,26.0,4.0,0.0,1,0,0,0.0
2,21.0,58.65,1013.0,30.0,10.0,0.0,1,0,0,0.0
2,22.0,66.04,1010.0,29.0,9.0,0.0,0,0,1,0.0
3,24.0,70.36,1008.0,30.0,28.0,0.0,0,1,0,0.0
3,24.0,66.45,1008.0,31.0,9.0,0.0,0,1,0,0.0
3,23.0,94.16,1008.0,24.0,34.0,0.2,0,1,0,0.0
3,20.0,61.9,1010.0,28.0,59.0,0.0,0,1,0,0.0
3,19.0,51.83,1010.0,30.0,12.0,0.0,0,0,1,0.0
3,22.0,62.35,1011.0,30.0,9.0,0.0,0,0,1,0.0
3,20.0,55.15,1009.0,30.0,22.0,0.0,1,0,0,0.0
3,21.0,65.83,1008.0,28.0,12.0,0.0,1,0,0,0.0
3,21.0,62.13,1008.0,29.0,7.0,0.0,0,0,1,0.0
3,21.0,65.83,1011.0,28.0,34.0,0.0,1,0,0,0.0
3,16.0,48.15,1012.0,28.0,6.0,0.0,0,0,1,0.0
3,22.0,74.19,1008.0,27.0,15.0,0.0,0,0,1,0.0
3,22.0,94.12,1010.0,23.0,45.0,0.0,1,0,0,0.0
3,21.0,69.79,1012.0,27.0,137.0,0.0,1,0,0,0.0
3,18.0,54.65,1013.0,28.0,246.0,0.0,1,0,0,0.0
3,18.0,57.93,1015.0,27.0,5.0,0.0,0,0,1,0.0
3,21.0,69.79,1015.0,27.0,6.0,0.0,1,0,0,0.0
3,19.0,88.37,1016.0,21.0,49.0,0.0,1,0,0,0.0
3,18.0,88.28,1013.0,20.0,21.0,0.0,1,0,0,0.0
3,19.0,65.41,1011.0,26.0,3.0,0.0,1,0,0,0.0
3,17.0,54.39,1013.0,27.0,106.0,0.0,1,0,0,0.0
3,21.0,88.54,1011.0,23.0,276.0,0.3,1,0,0,0.0
3,24.0,100.0,1001.0,24.0,76.0,0.6,1,0,0,0.0
3,16.0,51.05,1015.0,27.0,3.0,0.0,1,0,0,0.0
3,19.0,61.67,1014.0,27.0,45.0,0.0,0,0,1,0.0
3,22.0,66.04,1014.0,29.0,138.0,0.0,0,0,1,0.0
3,21.0,62.13,1012.0,29.0,248.0,0.0,0,0,1,0.0
3,25.0,66.66,1009.0,32.0,10.0,0.0,0,1,0,0.0
3,18.0,83.01,1018.0,21.0,91.0,0.0,1,0,0,0.0
3,13.0,50.24,1016.0,24.0,10.0,0.0,1,0,0,0.0
3,18.0,57.93,1011.0,27.0,16.0,0.0,0,1,0,0.0
3,17.0,57.69,1015.0,26.0,53.0,0.0,1,0,0,0.0
3,14.0,50.51,1016.0,25.0,177.0,0.0,1,0,0,0.0
3,16.0,54.14,1018.0,26.0,28.0,0.0,1,0,0,0.0
3,12.0,47.05,1022.0,24.0,38.0,0.0,1,0,0,0.0
3,12.0,49.97,1021.0,23.0,18.0,0.0,1,0,0,0.0
3,14.0,53.62,1020.0,24.0,23.0,0.0,1,0,0,0.0
3,15.0,53.88,1018.0,25.0,109.0,0.0,1,0,0,0.0
3,18.0,65.19,1018.0,25.0,55.0,0.0,1,0,0,0.0
3,18.0,61.44,1017.0,26.0,33.0,0.0,1,0,0,0.0
3,9.0,49.15,1019.0,20.0,115.0,0.0,0,1,0,0.0
3,3.0,28.71,1020.0,22.0,18.0,0.0,0,1,0,0.0
3,8.0,36.0,1023.0,24.0,5.0,0.0,1,0,0,1.0
3,9.0,38.53,1022.0,24.0,12.0,0.0,0,0,1,0.0
3,13.0,50.24,1021.0,24.0,35.0,0.0,0,0,1,0.0
3,15.0,50.78,1017.0,26.0,16.0,0.0,0,0,0,0.0
3,17.0,48.42,1014.0,29.0,22.0,0.0,0,0,0,0.0
3,19.0,69.4,1013.0,25.0,24.0,0.0,0,1,0,1.0
3,10.0,43.76,1020.0,23.0,3.0,0.0,0,0,1,0.0
3,11.0,44.04,1019.0,24.0,8.0,0.0,0,0,0,0.0
3,10.0,46.49,1024.0,22.0,4.0,0.0,0,0,1,0.0
3,16.0,77.79,1022.0,20.0,9.0,0.2,0,0,1,0.0
3,19.0,88.37,1018.0,21.0,8.0,0.0,0,0,0,0.0
3,19.0,83.13,1015.0,22.0,1.0,0.0,0,0,0,0.0
3,16.0,82.77,1016.0,19.0,86.0,0.0,0,1,0,0.0
3,7.0,45.65,1021.0,19.0,29.0,0.0,0,1,0,0.0
3,2.0,36.47,1024.0,17.0,62.0,0.0,0,1,0,0.0
3,3.0,34.54,1021.0,19.0,5.0,0.0,0,0,0,0.0
3,9.0,46.21,1019.0,21.0,4.0,0.0,0,0,0,0.0
3,8.0,43.19,1022.0,21.0,7.0,0.0,0,1,0,1.0
3,7.0,45.65,1026.0,19.0,95.0,0.0,1,0,0,0.0
3,12.0,87.75,1024.0,14.0,211.0,0.0,1,0,0,0.0
3,8.0,52.02,1024.0,18.0,24.0,0.0,1,0,0,0.0
3,9.0,55.67,1023.0,18.0,118.0,0.0,1,0,0,0.0
3,6.0,42.61,1018.0,19.0,4.0,0.0,0,1,0,0.0
3,9.0,55.67,1022.0,18.0,5.0,0.0,1,0,0,1.0
3,-2.0,30.98,1027.0,15.0,9.0,0.0,0,1,0,0.0
3,-4.0,25.04,1027.0,16.0,2.0,0.0,0,0,1,0.0
3,6.0,45.36,1027.0,18.0,10.0,0.0,0,0,1,0.0
3,3.0,41.73,1030.0,16.0,17.0,0.0,1,0,0,0.0
3,6.0,48.31,1026.0,17.0,4.0,0.0,0,0,1,0.0
3,9.0,49.15,1022.0,20.0,3.0,0.0,0,0,0,0.0
3,16.0,73.14,1020.0,21.0,1.0,0.0,0,0,0,0.0
3,18.0,93.94,1014.0,19.0,6.0,2.5,0,1,0,0.0
3,10.0,82.01,1017.0,13.0,108.0,0.6,1,0,0,0.0
3,7.0,51.75,1019.0,17.0,13.0,0.0,1,0,0,0.0
3,10.0,52.56,1018.0,20.0,25.0,0.0,0,0,1,0.0
3,14.0,82.52,1018.0,17.0,4.0,0.0,0,0,1,0.0
3,11.0,72.23,1014.0,16.0,53.0,0.0,0,1,0,0.0
4,-6.0,39.01,1027.0,7.0,5.0,0.0,0,1,0,0.0
4,-1.0,52.98,1023.0,8.0,22.0,0.0,1,0,0,0.0
4,-8.0,33.43,1029.0,7.0,103.0,0.0,0,1,0,0.0
4,-15.0,17.81,1029.0,8.0,218.0,0.0,0,1,0,0.0
4,-7.0,31.53,1028.0,9.0,5.0,0.0,0,1,0,0.0
4,-2.0,35.27,1023.0,13.0,13.0,0.0,0,0,0,0.0
4,-2.0,43.01,1031.0,10.0,16.0,0.0,1,0,0,0.0
4,2.0,53.81,1032.0,11.0,35.0,0.0,1,0,0,0.0
4,7.0,71.47,1024.0,12.0,3.0,0.0,0,1,0,0.0
4,0.0,56.99,1028.0,8.0,21.0,0.0,1,0,0,0.0
4,-9.0,30.92,1030.0,7.0,68.0,0.0,0,1,0,0.0
4,-11.0,24.65,1032.0,8.0,20.0,0.0,0,1,0,0.0
4,-7.0,27.58,1029.0,11.0,5.0,0.0,0,0,0,0.0
4,4.0,66.27,1023.0,10.0,4.0,0.0,0,0,0,0.0
4,-13.0,24.06,1031.0,6.0,147.0,0.0,0,1,0,0.0
4,-17.0,17.28,1034.0,6.0,291.0,0.0,0,1,0,0.0
4,-6.0,36.44,1034.0,8.0,2.0,0.0,1,0,0,0.0
4,5.0,66.49,1026.0,11.0,3.0,0.0,0,0,0,0.0
4,-5.0,36.74,1027.0,9.0,22.0,0.0,1,0,0,0.0
4,-10.0,32.81,1030.0,5.0,44.0,0.0,0,1,0,0.0
4,-11.0,24.65,1030.0,8.0,30.0,0.0,0,1,0,0.0
4,1.0,46.88,1023.0,12.0,8.0,0.0,0,0,0,0.0
4,-4.0,32.45,1026.0,12.0,37.0,0.0,0,1,0,1.0
4,-1.0,49.51,1030.0,9.0,78.0,0.0,1,0,0,0.0
4,-1.0,46.29,1030.0,10.0,24.0,0.0,1,0,0,0.0
4,0.0,46.58,1029.0,11.0,96.0,0.0,1,0,0,0.0
4,1.0,53.53,1024.0,10.0,4.0,0.0,0,1,0,0.0
4,1.0,46.88,1020.0,12.0,16.0,0.0,0,1,0,1.0
4,1.0,38.56,1020.0,15.0,3.0,0.0,0,1,0,0.0
4,-2.0,43.01,1027.0,10.0,47.0,0.0,0,1,0,1.0
4,-14.0,22.18,1033.0,6.0,9.0,0.0,0,1,0,0.0
4,-12.0,24.36,1030.0,7.0,9.0,0.0,0,1,0,0.0
4,-4.0,37.05,1023.0,10.0,6.0,0.0,0,0,0,0.0
4,-1.0,31.28,1018.0,16.0,2.0,0.0,0,0,0,1.0
4,6.0,40.04,1011.0,20.0,18.0,0.0,0,0,0,0.0
4,0.0,61.01,1023.0,7.0,62.0,0.0,1,0,0,0.0
4,-4.0,48.63,1027.0,6.0,44.0,0.0,0,1,0,0.0
4,-7.0,33.74,1031.0,8.0,41.0,0.0,0,1,0,0.0
4,-2.0,43.01,1029.0,10.0,6.0,0.0,0,1,0,1.0
4,1.0,46.88,1027.0,12.0,8.0,0.0,0,1,0,1.0
4,0.0,35.87,1028.0,15.0,8.0,0.0,0,1,0,1.0
4,0.0,53.26,1034.0,9.0,98.0,0.0,1,0,0,0.0
4,4.0,66.27,1029.0,10.0,192.0,0.0,1,0,0,0.0
4,7.0,93.4,1025.0,8.0,17.0,0.0,0,1,0,0.0
4,5.0,81.34,1028.0,8.0,58.0,0.0,0,1,0,1.0
4,-3.0,48.93,1033.0,7.0,47.0,0.0,1,0,0,0.0
4,0.0,56.99,1026.0,8.0,17.0,0.0,0,0,0,1.0
4,-8.0,25.53,1029.0,11.0,8.0,0.0,1,0,0,0.0
4,3.0,61.76,1024.0,10.0,25.0,0.0,0,0,1,0.0
4,3.0,47.46,1020.0,14.0,9.0,0.0,0,1,0,1.0
4,1.0,65.59,1025.0,7.0,154.0,0.0,0,1,0,1.0
4,0.0,53.26,1023.0,9.0,16.0,0.0,0,0,1,1.0
4,6.0,54.88,1022.0,15.0,2.0,0.0,0,0,0,1.0
4,9.0,71.85,1020.0,14.0,5.0,0.0,0,1,0,1.0
4,6.0,76.18,1023.0,10.0,25.0,0.0,1,0,0,1.0
4,2.0,75.49,1028.0,6.0,120.0,0.0,1,0,0,0.0
4,0.0,70.06,1029.0,5.0,256.0,0.0,1,0,0,0.0
4,3.0,86.89,1025.0,5.0,366.0,0.0,1,0,0,0.0
4,-1.0,69.85,1031.0,4.0,51.0,0.0,0,1,0,0.0
4,-6.0,41.79,1036.0,6.0,25.0,0.0,1,0,0,0.0
4,0.0,65.36,1034.0,6.0,2.0,0.0,0,1,0,0.0
4,3.0,81.06,1032.0,6.0,16.0,0.0,1,0,0,0.0
4,3.0,75.67,1031.0,7.0,3.0,0.0,0,1,0,0.0
4,-3.0,42.71,1028.0,9.0,55.0,0.0,0,1,0,1.0
4,-5.0,48.34,1032.0,5.0,11.0,0.0,0,1,0,0.0
4,-8.0,29.18,1028.0,9.0,13.0,0.0,0,0,0,0.0
4,-6.0,29.79,1024.0,11.0,4.0,0.0,0,0,0,0.0
4,-7.0,41.48,1034.0,5.0,94.0,0.0,1,0,0,0.0
4,-7.0,41.48,1034.0,5.0,10.0,0.0,0,1,0,0.0
4,-11.0,23.04,1024.0,9.0,11.0,0.0,0,0,0,0.0
4,-3.0,32.75,1016.0,13.0,9.0,0.0,0,1,0,0.0
4,1.0,46.88,1019.0,12.0,54.0,0.0,0,1,0,1.0
4,-1.0,40.54,1020.0,12.0,19.0,0.0,0,0,1,0.0
4,9.0,63.18,1019.0,16.0,120.0,0.0,0,0,1,0.0
4,14.0,87.93,1014.0,16.0,7.0,0.1,0,0,0,0.0
4,8.0,71.66,1019.0,13.0,78.0,0.0,0,1,0,1.0
4,3.0,54.08,1022.0,12.0,3.0,0.0,0,1,0,1.0
4,1.0,50.08,1027.0,11.0,18.0,0.0,1,0,0,0.0
4,-2.0,40.23,1029.0,11.0,2.0,0.0,0,0,0,0.0
4,5.0,66.49,1019.0,11.0,92.0,0.0,0,0,1,0.0
4,8.0,93.45,1017.0,9.0,42.0,0.1,0,1,0,0.0
4,3.0,70.67,1023.0,8.0,8.0,0.0,1,0,0,1.0
4,5.0,76.01,1019.0,9.0,11.0,0.0,0,0,1,0.0
4,7.0,87.28,1021.0,9.0,86.0,0.0,1,0,0,1.0
4,1.0,65.59,1026.0,7.0,207.0,0.5,1,0,0,0.0
1,0.0,56.99,1027.0,8.0,104.0,0.0,0,1,0,0.0
1,-2.0,40.23,1020.0,11.0,5.0,0.0,0,0,1,0.0
1,7.0,66.93,1014.0,13.0,22.0,0.0,0,1,0,0.0
1,-4.0,45.4,1027.0,7.0,112.0,0.0,1,0,0,0.0
1,1.0,80.78,1027.0,4.0,213.0,0.0,1,0,0,0.0
1,0.0,56.99,1024.0,8.0,75.0,0.0,1,0,0,0.0
1,2.0,50.36,1024.0,12.0,11.0,0.0,1,0,0,0.0
1,9.0,93.5,1018.0,10.0,10.0,0.2,0,0,1,0.0
1,5.0,66.49,1027.0,11.0,39.0,0.0,0,1,0,0.0
1,-5.0,45.1,1033.0,6.0,4.0,0.0,1,0,0,0.0
1,-4.0,39.63,1027.0,9.0,8.0,0.0,0,0,0,0.0
1,0.0,38.26,1023.0,14.0,20.0,0.0,0,0,0,0.0
1,7.0,45.65,1019.0,19.0,17.0,0.0,0,0,0,0.0
1,8.0,71.66,1023.0,13.0,37.0,0.0,1,0,0,0.0
1,10.0,87.57,1021.0,12.0,22.0,0.0,1,0,0,0.0
1,12.0,87.75,1018.0,14.0,18.0,0.0,0,0,1,0.0
1,15.0,68.61,1011.0,21.0,105.0,0.0,0,0,1,0.0
1,13.0,82.4,1008.0,16.0,35.0,0.0,0,1,0,0.0
1,10.0,72.04,1017.0,15.0,15.0,0.0,1,0,0,0.0
1,8.0,76.52,1021.0,12.0,20.0,0.0,1,0,0,0.0
1,11.0,63.64,1020.0,18.0,18.0,0.0,0,1,0,1.0
1,-4.0,19.48,1024.0,20.0,3.0,0.0,0,0,1,0.0
1,3.0,47.46,1028.0,14.0,41.0,0.0,1,0,0,0.0
1,-5.0,24.75,1034.0,15.0,63.0,0.0,1,0,0,0.0
1,-3.0,28.77,1034.0,15.0,12.0,0.0,1,0,0,0.0
1,6.0,51.48,1031.0,16.0,79.0,0.0,0,0,1,0.0
1,10.0,82.01,1026.0,13.0,41.0,0.0,1,0,0,0.0
1,11.0,59.78,1019.0,19.0,19.0,0.0,0,0,0,0.0
1,11.0,49.7,1018.0,22.0,2.0,0.0,0,0,0,0.0
1,14.0,87.93,1015.0,16.0,108.0,2.3,0,0,1,0.0
1,18.0,57.93,1010.0,27.0,20.0,0.0,0,0,0,0.0
1,17.0,51.31,1010.0,28.0,5.0,0.0,1,0,0,0.0
1,19.0,54.9,998.0,29.0,19.0,0.0,0,0,0,0.0
1,10.0,76.84,1010.0,14.0,37.0,0.0,1,0,0,0.0
1,14.0,82.52,1007.0,17.0,4.0,0.0,0,0,0,0.0
1,13.0,87.84,1013.0,15.0,6.0,0.0,1,0,0,0.0
1,9.0,87.47,1020.0,11.0,20.0,0.0,1,0,0,0.0
1,1.0,50.08,1028.0,11.0,19.0,0.0,1,0,0,0.0
1,3.0,44.49,1024.0,15.0,11.0,0.0,0,0,1,0.0
1,2.0,32.17,1024.0,19.0,4.0,0.0,0,0,1,0.0
1,7.0,42.9,1019.0,20.0,61.0,0.0,0,0,1,0.0
1,6.0,62.48,1016.0,13.0,281.0,0.0,0,1,0,0.0
1,3.0,28.71,1012.0,22.0,38.0,0.0,0,0,0,0.0
1,12.0,44.33,1012.0,25.0,8.0,0.0,0,1,0,0.0
1,5.0,37.36,1015.0,20.0,64.0,0.0,0,0,1,0.0
1,15.0,57.2,1007.0,24.0,13.0,0.0,0,0,0,0.0
1,18.0,73.5,1005.0,23.0,2.0,0.0,0,1,0,1.0
1,10.0,76.84,1013.0,14.0,37.0,0.0,0,1,0,0.0
1,3.0,20.09,1020.0,28.0,5.0,0.0,0,0,1,0.0
1,9.0,30.42,1019.0,28.0,16.0,0.0,0,0,1,0.0
1,17.0,48.42,1007.0,29.0,12.0,0.0,0,1,0,0.0
1,14.0,82.52,1013.0,17.0,5.0,0.0,1,0,0,0.0
1,14.0,50.51,1013.0,25.0,8.0,0.0,0,1,0,0.0
1,14.0,53.62,1011.0,24.0,24.0,0.0,0,0,1,0.0
1,19.0,93.98,1006.0,20.0,110.0,3.1,0,0,1,0.0
1,14.0,64.32,1011.0,21.0,95.0,0.0,0,1,0,0.0
1,10.0,38.82,1015.0,25.0,26.0,0.0,1,0,0,0.0
1,4.0,29.0,1013.0,23.0,4.0,0.0,0,0,0,0.0
1,13.0,50.24,1008.0,24.0,92.0,0.0,0,0,1,0.0
1,15.0,50.78,1012.0,26.0,2.0,0.0,0,0,0,0.0
1,12.0,47.05,1007.0,24.0,110.0,0.0,0,0,1,0.0
1,16.0,73.14,1012.0,21.0,48.0,0.0,1,0,0,0.0
1,13.0,50.24,1015.0,24.0,12.0,0.0,0,0,1,0.0
1,20.0,94.03,1007.0,21.0,14.0,0.6,0,0,0,0.0
1,9.0,38.53,1010.0,24.0,8.0,0.0,0,0,0,0.0
1,9.0,28.71,1008.0,29.0,56.0,0.0,0,0,0,0.0
1,21.0,65.83,1009.0,28.0,67.0,0.0,0,0,0,0.0
1,21.0,88.54,1006.0,23.0,5.0,10.1,0,1,0,0.0
1,6.0,33.34,1014.0,23.0,84.0,0.0,1,0,0,0.0
1,7.0,33.63,1009.0,24.0,33.0,0.0,0,0,1,0.0
1,20.0,100.0,1003.0,20.0,11.0,2.2,1,0,0,0.0
1,21.0,65.83,1007.0,28.0,2.0,0.0,0,0,0,0.0
1,9.0,30.42,1012.0,28.0,34.0,0.0,1,0,0,0.0
1,9.0,38.53,1017.0,24.0,11.0,0.0,0,0,1,0.0
1,12.0,44.33,1012.0,25.0,63.0,0.0,0,0,1,0.0
1,18.0,78.09,1009.0,22.0,3.0,0.0,0,0,1,1.0
1,18.0,73.5,1009.0,23.0,1.0,0.0,1,0,0,0.0
1,14.0,44.89,1010.0,27.0,6.0,0.0,0,0,1,0.0
1,10.0,36.58,1011.0,26.0,87.0,0.0,0,0,1,0.0
1,18.0,65.19,1006.0,25.0,29.0,0.0,0,0,1,0.0
1,20.0,83.25,1004.0,23.0,5.0,0.0,0,0,1,0.0
1,20.0,83.25,1004.0,23.0,34.0,0.0,0,0,1,0.0
1,20.0,83.25,1006.0,23.0,59.0,0.0,0,1,0,0.0
1,19.0,65.41,1009.0,26.0,2.0,0.0,0,1,0,0.0
2,20.0,58.42,1007.0,29.0,75.0,0.0,0,0,1,0.0
2,23.0,94.16,1004.0,24.0,6.0,0.7,0,0,1,0.0
2,16.0,60.98,1011.0,24.0,69.0,0.0,1,0,0,0.0
2,8.0,33.92,1010.0,25.0,16.0,0.0,0,0,1,0.0
2,16.0,54.14,1006.0,26.0,4.0,0.0,0,0,0,0.0
2,19.0,51.83,1009.0,30.0,58.0,0.0,0,0,1,0.0
2,20.0,73.84,1008.0,25.0,198.0,0.0,0,0,1,0.0
2,22.0,94.12,1004.0,23.0,17.0,0.3,1,0,0,0.0
2,20.0,69.6,1006.0,26.0,3.0,0.0,0,0,1,0.0
2,22.0,88.62,1004.0,24.0,25.0,0.0,0,0,1,0.0
2,21.0,62.13,1003.0,29.0,42.0,0.0,0,0,0,0.0
2,19.0,43.73,1006.0,33.0,137.0,0.0,0,0,0,0.0
2,22.0,58.89,1004.0,31.0,35.0,0.0,0,0,0,0.0
2,23.0,62.57,1007.0,31.0,130.0,0.0,0,0,0,0.0
2,20.0,94.03,1007.0,21.0,31.0,2.9,1,0,0,0.0
2,24.0,94.2,999.0,25.0,3.0,0.0,0,0,0,0.0
2,20.0,88.45,1005.0,22.0,83.0,0.0,1,0,0,0.0
2,19.0,65.41,1008.0,26.0,7.0,0.0,0,0,1,0.0
2,21.0,62.13,1008.0,29.0,3.0,0.0,0,0,0,0.0
2,20.0,65.62,1009.0,27.0,12.0,0.0,0,0,1,0.0
2,23.0,100.0,1006.0,23.0,82.0,0.1,0,0,1,0.0
2,24.0,74.52,1007.0,29.0,17.0,0.0,1,0,0,0.0
2,24.0,74.52,1004.0,29.0,11.0,0.0,0,0,1,0.0
2,26.0,63.23,999.0,34.0,32.0,0.0,0,0,0,0.0
2,23.0,94.16,1002.0,24.0,3.0,24.0,1,0,0,0.0
2,21.0,88.54,1004.0,23.0,41.0,0.0,1,0,0,0.0
2,21.0,94.07,1008.0,22.0,130.0,16.3,1,0,0,0.0
2,23.0,94.16,1004.0,24.0,4.0,0.0,1,0,0,0.0
2,27.0,70.91,997.0,33.0,22.0,0.0,0,0,0,0.0
2,20.0,78.39,1002.0,24.0,2.0,0.0,0,0,0,0.0
2,19.0,58.17,1003.0,28.0,1.0,0.0,0,0,0,0.0
2,19.0,54.9,1005.0,29.0,17.0,0.0,1,0,0,0.0
2,19.0,83.13,1007.0,22.0,137.0,0.0,1,0,0,0.0
2,21.0,83.37,1008.0,24.0,33.0,0.0,1,0,0,0.0
2,24.0,83.71,1009.0,27.0,125.0,0.0,1,0,0,0.0
2,24.0,70.36,1006.0,30.0,248.0,0.0,1,0,0,0.0
2,23.0,94.16,992.0,24.0,487.0,3.1,1,0,0,0.0
2,23.0,83.6,995.0,26.0,109.0,0.0,0,1,0,0.0
2,24.0,59.36,1002.0,33.0,13.0,0.0,0,1,0,0.0
2,23.0,55.89,1003.0,33.0,13.0,0.0,0,0,1,0.0
2,23.0,59.13,1002.0,32.0,3.0,0.0,0,0,1,0.0
2,22.0,62.35,1002.0,30.0,61.0,0.0,0,0,1,0.0
2,23.0,78.82,1003.0,27.0,30.0,0.0,0,0,1,0.0
2,24.0,74.52,1004.0,29.0,162.0,0.0,0,0,1,0.0
2,22.0,55.65,1006.0,32.0,4.0,0.0,0,0,1,0.0
2,23.0,62.57,1006.0,31.0,3.0,0.0,0,0,1,0.0
2,23.0,70.17,1005.0,29.0,45.0,0.0,1,0,0,0.0
2,26.0,83.94,1004.0,29.0,6.0,0.0,0,0,1,0.0
2,26.0,88.94,1003.0,28.0,20.0,20.1,0,0,0,0.0
2,25.0,59.59,1003.0,34.0,19.0,0.0,0,0,0,0.0
2,26.0,59.82,1003.0,35.0,10.0,0.0,0,0,0,0.0
2,25.0,56.38,1006.0,35.0,3.0,0.0,0,1,0,0.0
2,25.0,53.36,1008.0,36.0,9.0,0.0,0,1,0,0.0
2,24.0,50.27,1008.0,36.0,13.0,0.0,0,1,0,0.0
2,23.0,44.82,1008.0,37.0,75.0,0.0,0,0,0,0.0
2,23.0,44.82,1009.0,37.0,2.0,0.0,0,0,0,0.0
2,26.0,53.61,1009.0,37.0,20.0,0.0,0,0,0,0.0
2,26.0,53.61,1007.0,37.0,18.0,0.0,0,0,0,0.0
2,23.0,42.45,1005.0,38.0,18.0,0.0,0,0,0,0.0
2,24.0,47.6,1005.0,37.0,13.0,0.0,0,0,0,0.0
2,22.0,47.07,1007.0,35.0,136.0,0.0,0,0,1,0.0
2,25.0,59.59,1010.0,34.0,38.0,0.0,1,0,0,0.0
2,25.0,63.01,1009.0,33.0,63.0,0.0,1,0,0,0.0
2,25.0,70.54,1007.0,31.0,81.0,0.0,1,0,0,0.0
2,26.0,88.94,1005.0,28.0,38.0,0.2,0,0,1,0.0
2,23.0,70.17,1002.0,29.0,8.0,0.0,0,1,0,0.0
2,21.0,55.4,1008.0,31.0,10.0,0.0,1,0,0,0.0
2,20.0,49.22,1007.0,32.0,3.0,0.0,0,0,0,0.0
2,20.0,49.22,1006.0,32.0,9.0,0.0,0,0,1,0.0
2,24.0,70.36,1006.0,30.0,17.0,0.0,1,0,0,0.0
2,24.0,78.97,1005.0,28.0,32.0,0.0,1,0,0,0.0
2,20.0,49.22,1007.0,32.0,3.0,0.0,1,0,0,0.0
2,22.0,58.89,1010.0,31.0,3.0,0.0,0,0,0,0.0
2,21.0,49.49,1009.0,33.0,29.0,0.0,0,0,1,0.0
2,25.0,74.69,1006.0,30.0,7.0,0.0,0,1,0,0.0
2,23.0,70.17,1006.0,29.0,15.0,0.0,1,0,0,0.0
2,23.0,100.0,1002.0,23.0,15.0,1.2,1,0,0,0.0
2,20.0,61.9,1005.0,28.0,100.0,0.1,0,1,0,0.0
2,22.0,66.04,1009.0,29.0,10.0,0.0,0,1,0,0.0
2,20.0,52.09,1009.0,31.0,4.0,0.0,0,1,0,0.0
2,20.0,52.09,1008.0,31.0,10.0,0.0,1,0,0,0.0
2,21.0,62.13,1007.0,29.0,20.0,0.0,1,0,0,0.0
2,20.0,52.09,1009.0,31.0,24.0,0.0,1,0,0,0.0
2,21.0,58.65,1010.0,30.0,5.0,0.0,0,0,1,0.0
3,21.0,55.4,1008.0,31.0,64.0,0.0,0,0,1,0.0
3,23.0,62.57,1011.0,31.0,8.0,0.0,0,1,0,0.0
3,20.0,55.15,1013.0,30.0,4.0,0.0,0,1,0,0.0
3,21.0,55.4,1012.0,31.0,25.0,0.0,0,0,1,0.0
3,24.0,78.97,1003.0,28.0,9.0,0.0,0,1,0,0.0
3,22.0,66.04,1006.0,29.0,147.0,0.0,0,1,0,0.0
3,17.0,45.72,1013.0,30.0,106.0,0.0,1,0,0,0.0
3,15.0,42.62,1015.0,29.0,184.0,0.0,1,0,0,0.0
3,16.0,51.05,1015.0,27.0,4.0,0.0,0,1,0,0.0
3,17.0,45.72,1012.0,30.0,2.0,0.0,0,0,0,0.0
3,19.0,78.24,1015.0,23.0,42.0,0.0,0,1,0,0.0
3,14.0,47.61,1018.0,26.0,16.0,0.0,0,0,1,0.0
3,19.0,73.67,1016.0,24.0,6.0,0.0,0,1,0,0.0
3,17.0,54.39,1017.0,27.0,4.0,0.0,0,1,0,0.0
3,16.0,51.05,1017.0,27.0,2.0,0.0,0,1,0,0.0
3,17.0,51.31,1014.0,28.0,5.0,0.0,1,0,0,0.0
3,18.0,65.19,1013.0,25.0,21.0,0.0,1,0,0,0.0
3,16.0,48.15,1012.0,28.0,28.0,0.0,1,0,0,0.0
3,22.0,88.62,1012.0,24.0,24.0,0.8,0,0,1,0.0
3,21.0,74.02,1007.0,26.0,23.0,0.0,0,1,0,0.0
3,20.0,61.9,1008.0,28.0,15.0,0.0,1,0,0,0.0
3,19.0,61.67,1007.0,27.0,23.0,0.0,1,0,0,0.0
3,16.0,48.15,1012.0,28.0,126.0,0.0,1,0,0,0.0
3,15.0,45.16,1013.0,28.0,40.0,0.0,1,0,0,0.0
3,21.0,83.37,1017.0,24.0,310.0,0.0,1,0,0,0.0
3,25.0,79.11,1013.0,29.0,55.0,0.0,0,0,1,0.0
3,20.0,88.45,1011.0,22.0,46.0,0.0,0,1,0,0.0
3,12.0,41.78,1017.0,26.0,2.0,0.0,0,0,0,0.0
3,15.0,47.88,1020.0,27.0,3.0,0.0,0,1,0,0.0
3,16.0,57.44,1023.0,25.0,42.0,0.0,1,0,0,0.0
3,18.0,88.28,1022.0,20.0,3.0,0.0,0,0,1,0.0
3,18.0,69.2,1019.0,24.0,4.0,0.0,0,0,1,0.0
3,14.0,56.95,1014.0,23.0,36.0,0.0,0,0,1,0.0
3,18.0,88.28,1013.0,20.0,40.0,0.0,1,0,0,0.0
3,8.0,36.0,1013.0,24.0,6.0,0.0,0,1,0,0.0
3,8.0,38.24,1021.0,23.0,8.0,0.0,0,0,1,0.0
3,14.0,50.51,1018.0,25.0,20.0,0.0,0,0,1,0.0
3,16.0,54.14,1019.0,26.0,2.0,0.0,1,0,0,0.0
3,11.0,39.1,1020.0,26.0,4.0,0.0,0,0,1,0.0
3,13.0,47.33,1020.0,25.0,5.0,0.0,0,0,0,0.0
3,13.0,50.24,1016.0,24.0,16.0,0.0,1,0,0,0.0
3,15.0,50.78,1014.0,26.0,8.0,0.0,0,0,1,0.0
3,17.0,57.69,1018.0,26.0,19.0,0.0,1,0,0,0.0
3,17.0,57.69,1017.0,26.0,3.0,0.0,1,0,0,0.0
3,18.0,65.19,1019.0,25.0,7.0,0.0,1,0,0,0.0
3,16.0,64.76,1021.0,23.0,18.0,0.0,1,0,0,0.0
3,18.0,65.19,1016.0,25.0,51.0,0.0,0,0,1,0.0
3,11.0,59.78,1018.0,19.0,88.0,0.0,0,1,0,0.0
3,3.0,30.52,1022.0,21.0,1.0,0.0,0,0,0,0.0
3,13.0,87.84,1021.0,15.0,45.0,0.5,1,0,0,0.0
3,11.0,63.64,1026.0,18.0,49.0,0.0,1,0,0,0.0
3,6.0,45.36,1030.0,18.0,166.0,0.0,1,0,0,0.0
3,12.0,87.75,1026.0,14.0,12.0,0.4,0,1,0,0.0
3,3.0,39.16,1026.0,17.0,23.0,0.0,0,1,0,1.0
3,10.0,52.56,1027.0,20.0,9.0,0.0,1,0,0,0.0
3,16.0,77.79,1024.0,20.0,18.0,0.0,0,0,1,0.0
3,19.0,78.24,1020.0,23.0,13.0,0.0,0,0,1,0.0
3,20.0,78.39,1018.0,24.0,60.0,0.0,0,0,1,0.0
3,22.0,74.19,1015.0,27.0,3.0,0.0,0,0,0,0.0
3,12.0,87.75,1020.0,14.0,103.0,0.0,0,1,0,0.0
3,10.0,82.01,1024.0,13.0,219.0,0.0,0,1,0,1.0
3,7.0,51.75,1027.0,17.0,7.0,0.0,1,0,0,0.0
3,9.0,52.3,1025.0,19.0,33.0,0.0,1,0,0,0.0
3,8.0,55.41,1018.0,17.0,130.0,0.0,0,1,0,0.0
3,10.0,55.93,1020.0,19.0,11.0,0.0,0,0,1,0.0
3,17.0,82.89,1015.0,20.0,30.0,0.0,0,0,0,0.0
3,15.0,93.8,1017.0,16.0,72.0,0.0,1,0,0,0.0
3,14.0,87.93,1019.0,16.0,177.0,0.0,1,0,0,0.0
3,12.0,87.75,1022.0,14.0,14.0,0.2,1,0,0,0.0
3,11.0,77.01,1023.0,15.0,84.0,0.0,1,0,0,0.0
3,16.0,93.84,1022.0,17.0,11.0,0.2,1,0,0,0.0
3,16.0,82.77,1022.0,19.0,100.0,0.0,1,0,0,0.0
3,16.0,93.84,1023.0,17.0,53.0,0.5,0,1,0,0.0
3,10.0,72.04,1023.0,15.0,127.0,0.0,1,0,0,0.0
3,-5.0,51.84,1029.0,4.0,258.0,0.0,0,1,0,0.0
3,-9.0,35.51,1030.0,5.0,2.0,0.0,0,1,0,0.0
3,-1.0,33.35,1028.0,15.0,7.0,0.0,0,0,0,0.0
3,10.0,72.04,1025.0,15.0,2.0,0.0,0,0,0,1.0
4,10.0,59.54,1022.0,18.0,10.0,0.0,0,0,1,0.0
4,10.0,82.01,1020.0,13.0,35.0,0.0,0,1,0,0.0
4,-6.0,26.11,1023.0,13.0,22.0,0.0,0,1,0,0.0
4,-8.0,27.29,1030.0,10.0,148.0,0.0,0,1,0,0.0
4,0.0,61.01,1028.0,7.0,7.0,0.3,0,0,0,0.0
4,3.0,70.67,1030.0,8.0,36.0,0.0,0,1,0,1.0
4,6.0,62.48,1030.0,13.0,3.0,0.0,1,0,0,0.0
4,5.0,54.62,1031.0,14.0,4.0,0.0,0,0,1,0.0
4,10.0,72.04,1023.0,15.0,15.0,0.0,0,0,1,0.0
4,11.0,93.6,1015.0,12.0,41.0,0.5,0,1,0,0.0
4,7.0,76.35,1023.0,11.0,29.0,0.0,0,1,0,1.0
4,3.0,54.08,1023.0,12.0,2.0,0.0,0,0,0,0.0
4,6.0,76.18,1022.0,10.0,18.0,0.0,1,0,0,0.0
4,-1.0,46.29,1022.0,10.0,88.0,0.0,0,1,0,1.0
4,-1.0,46.29,1025.0,10.0,200.0,0.0,0,1,0,1.0
4,-12.0,22.75,1029.0,8.0,75.0,0.0,0,1,0,0.0
4,-11.0,30.31,1034.0,5.0,225.0,0.0,0,1,0,0.0
4,11.0,77.01,1024.0,15.0,10.0,0.0,0,0,1,0.0
4,7.0,81.61,1022.0,10.0,65.0,0.0,0,1,0,1.0
4,8.0,87.38,1022.0,10.0,70.0,0.1,1,0,0,0.0
4,2.0,57.51,1025.0,10.0,19.0,0.0,0,1,0,1.0
4,6.0,66.71,1023.0,12.0,20.0,0.0,0,0,0,0.0
4,7.0,71.47,1029.0,12.0,22.0,0.0,1,0,0,0.0
4,-2.0,49.22,1036.0,8.0,5.0,0.0,1,0,0,0.0
4,0.0,49.8,1033.0,10.0,2.0,0.0,0,0,0,0.0
4,4.0,58.03,1029.0,12.0,6.0,0.0,0,1,0,0.0
4,-2.0,43.01,1035.0,10.0,12.0,0.0,1,0,0,1.0
